scores,actual_label
0.5479223209420369,1
0.9693313328071339,1
0.9998780574393651,1
0.7134098470166605,1
0.713427041101257,1
0.6121924586310378,1
0.7283652382988638,1
0.6184874895906932,1
0.993806888884844,1
0.8129542348323326,1
0.8809518903307018,1
0.482895470323276,1
0.5419868636116348,1
0.808578777532487,1
0.9975807029215001,1
0.933018015270706,1
0.47167910137162117,1
0.9675328708350567,1
0.6641114966017446,1
0.9989480980953448,1
0.16456341238520605,1
0.8422967991653127,1
0.851312219027595,1
0.6892024326767722,1
0.23684936501709472,1
0.8422276955159574,1
0.23684936501709472,1
0.9952287958777252,1
0.75857239681107,1
0.9968515736629798,1
0.40971121415006156,1
0.911187262391696,1
0.7438004000399355,1
0.8391785852852488,1
0.17008405431242346,1
0.5279216374304538,1
0.8482554499698969,1
0.9892271821408601,1
0.5380985244464092,1
0.6249046333317048,1
0.9781687803504656,1
0.8552418396073986,1
0.8538502552043717,1
0.655879811837672,1
0.9702251761690301,1
0.962685489216008,1
0.9798567668939909,1
0.9979563878056223,1
0.9998252240794675,1
0.9247977446770195,1
0.4548070177965097,1
0.9999829791871725,1
0.8062432480818443,1
0.9161664941591056,1
0.9999819025087111,1
0.6362815645813458,1
0.9503021551703263,1
0.4542344391162687,1
0.6188715641952257,1
0.6437188889436942,1
0.5885825854687626,1
0.565936108202383,1
0.9538365513508139,1
0.8615855928989554,1
0.7271181201208786,1
0.9464924565099486,1
0.9638548166921774,1
0.9412974027516472,1
0.9860916353279856,1
0.9602290093952058,1
0.999999290826715,1
0.57696080246958,1
0.6017781080646328,1
0.9750297687228221,1
0.9888992574332004,1
0.9991345715436839,1
0.46486497918955216,1
0.9857376493947835,1
0.8844511258943271,1
0.8784312691652244,1
0.49275443662291,1
0.8999007755063871,1
0.9873604850912941,1
0.9928554439415241,1
0.21515731612877034,1
0.9951487203998733,1
0.7831428129016038,1
0.8201859573660106,1
0.6680148113453348,1
0.04949125728575935,1
0.9996060113709431,1
0.9998329207369662,1
0.999667943241439,1
0.9996664235658886,1
0.9999342674178513,1
0.8224426523694002,1
0.692284208039786,1
0.495143143007794,1
0.64048215418661,1
0.9242603639436184,1
0.9928096008831027,1
0.8368347607252042,1
0.1206801211701453,1
0.8368347607252042,1
0.1206801211701453,1
0.8368347607252042,1
0.1206801211701453,1
0.8034565903705541,1
0.1206801211701453,1
0.9759246973749864,1
0.9985292670288856,1
0.31907460665259496,1
0.8772265226434496,1
0.28619188561546927,1
0.9859118187793022,1
0.4644123566213947,1
0.6814136533989301,1
0.6817126432429786,1
0.9999996370132721,1
0.9995353186028627,1
0.6814136533989301,1
0.6817126432429786,1
0.9999613888273632,1
0.7189244441492504,1
0.9283227170346331,1
0.9948322408473026,1
0.6649157535311688,1
0.7960974689851417,1
0.9886234845066213,1
0.9904031370495266,1
0.9560260653875886,1
0.8525115175070731,1
0.5004552143251999,1
0.9172293322234334,1
0.9966113229552328,1
0.8269280851333467,1
0.8269280851333467,1
0.99924768999281,1
0.7695288673301691,1
0.547488046491703,1
0.99924768999281,1
0.9672253571999755,1
0.9999613888273632,1
0.9672253571999755,1
0.9575141256285282,1
0.996634104135497,1
0.99924768999281,1
0.7361531032299827,1
0.48722867667764636,1
0.9988655141197407,1
0.8872710420203412,1
0.9995926243501415,1
0.7763007649023517,1
0.5200044812455195,1
0.44842270360864434,1
0.982317001602261,1
0.9996522950961035,1
0.8422836004036269,1
0.8976326010855529,1
0.9484997863917295,1
0.9273747742161518,1
0.9999324034175222,1
0.7293786124852837,1
0.7507114316236303,1
0.9999324034175222,1
0.9384080418938342,1
0.8779584905447011,1
0.5296679671943209,1
0.7265075306277698,1
0.7932894566335879,1
0.8102633471135184,1
0.8049517606606262,1
0.5107541543603621,1
0.4859282866271472,1
0.9850090034723984,1
0.974658608390271,1
0.999802377936647,1
0.7627507428371023,1
0.5824062515981142,1
0.9746680928130411,1
0.969330639641679,1
0.937800267819726,1
0.8939296207269106,1
0.7805229064140062,1
0.20491132274312526,1
0.2764879748257949,1
0.6775712654808075,1
0.9999844064148169,1
0.9906241216265909,1
0.9387491781336205,1
0.9985338736282529,1
0.990530416771429,1
0.7294178348103306,1
0.7466899614838142,1
0.8049517606606262,1
0.34850222751797366,1
0.9997139416619796,1
0.8057344703042423,1
0.9996954587268801,1
0.9462865719424414,1
0.9996574754229137,1
0.9200550536341525,1
0.9211887315100071,1
0.9830289503684237,1
0.9977598345729997,1
0.5003902769618531,1
0.43664790241678936,1
0.9703720752194938,1
0.902671546456267,1
0.9999538180000653,1
0.9306864502841722,1
0.9579309805127382,1
0.9999182889495333,1
0.9997153959854481,1
0.7325909907291486,1
0.7680227649792521,1
0.5915088154789133,1
0.5915088154789133,1
0.9997518499302872,1
0.9902415303786446,1
0.9999324034175222,1
0.9780719376024597,1
0.8900612161657115,1
0.9436529578748716,1
0.9217553882351751,1
0.9213169197053508,1
0.8835190019334641,1
0.9979066545322649,1
0.47969215044986707,1
0.9999788159726009,1
0.9844986720213433,1
0.5021444792852384,1
0.8131541852827766,1
0.45746964111620597,1
0.9999999440056804,1
0.2109603588171692,1
0.2109603588171692,1
0.8459659010930572,1
0.9953310285295137,1
0.9284261666586571,1
0.5035998016737603,1
0.8558144607746794,1
0.9959929049558867,1
0.9880362359650329,1
0.9196573184047612,1
0.9923363840828663,1
0.9959929049558867,1
0.9937817690596309,1
0.9895991807300797,1
0.985641810954326,1
0.040689117719983216,1
0.9916048491839781,1
0.8996969968168164,1
0.9835486810589706,1
0.9831716017802719,1
0.9370194481584022,1
0.9921052502109261,1
0.9951583569301534,1
0.9530537283414785,1
0.8065337562824975,1
0.9528572555338447,1
0.985641810954326,1
0.7209639352811288,1
0.8159425046647902,1
0.7798854380558754,1
0.730805726132806,1
0.5639889118071116,1
0.7938078811392705,1
0.9899997063325676,1
0.730805726132806,1
0.730805726132806,1
0.7715765821173556,1
0.6347540996308221,1
0.999702194773633,1
0.9966504150192004,1
0.8610509124743039,1
0.9895228312019765,1
0.9966504150192004,1
0.7200953709106751,1
0.9966504150192004,1
0.9999405842121133,1
0.990136544896545,1
0.8020949180130176,1
0.9978247411109431,1
0.4696089318568129,1
0.9898937594324132,1
0.40944165271681204,1
0.4755796610025842,1
0.9799755252961777,1
0.9696554567596348,1
0.9999999745170869,1
0.9932123528562639,1
0.9031610204585202,1
0.9060713657896389,1
0.2930040593785151,1
0.9990554613632949,1
0.9270865060879165,1
0.9894678495400714,1
0.9717692580880066,1
0.7104189159978249,1
0.9959263240557511,1
0.9990070724907462,1
0.7421747865502067,1
0.9975748796183644,1
0.9199345104564608,1
0.9959381951533892,1
0.4374036739944564,1
0.46959845843753817,1
0.2125542617009486,1
0.8223463813231795,1
0.48062894714743293,1
0.5233016616740692,1
0.9907595651296609,1
0.9801938870737757,1
0.7401139088645978,1
0.3147365898281981,1
0.9049646084221395,1
0.8646519649697285,1
0.7150860405099171,1
0.7103398978416771,1
0.9191829703288767,1
0.2156029900223126,1
0.655441024953743,1
0.16507588091011335,1
0.2156029900223126,1
0.16507588091011335,1
0.991781602002997,1
0.9998998818023339,1
0.8176145223528021,1
0.9926992349067447,1
0.4108930016804924,1
0.8655036158845919,1
0.8125061619613834,1
0.7427198736362587,1
0.8955093817481681,1
0.9076001594213157,1
0.9922777548987044,1
0.7167011438691175,1
0.8125061619613834,1
0.6843442151128755,1
0.9197709135681014,1
0.8595600476161256,1
0.8125061619613834,1
0.9935046849293754,1
0.9949647942456972,1
0.999999755757578,1
0.7167011438691175,1
0.4538368099333117,1
0.9922777548987044,1
0.7167011438691175,1
0.9076001594213157,1
0.054345666159569275,1
0.8125061619613834,1
0.9194932046993415,1
0.9801837866935768,1
0.8655036158845919,1
0.9456773955796788,1
0.9993169461707543,1
0.9987685579099934,1
0.8601192449929268,1
0.5700928620632185,1
0.7360685055525686,1
0.6520582546892237,1
0.9194932046993415,1
0.7426234474867124,1
0.6520582546892237,1
0.8461951354384958,1
0.893795542295179,1
0.9088100499280187,1
0.4541918395226455,1
0.8601192449929268,1
0.49098863198571396,1
0.9999971276387998,1
0.6292985692103024,1
0.9946690948268916,1
0.20642480861856546,1
0.9960967379676591,1
0.8830405371114588,1
0.8251857997254145,1
0.8646519649697285,1
0.9872082699090093,1
0.884670255965145,1
0.9999031672859564,1
0.43396405963814316,1
0.9870473387042117,1
0.9777977558318203,1
0.9778765543450586,1
0.9861823956631393,1
0.9106318670991234,1
0.9997765638736311,1
0.8501538992383458,1
0.13850467348929293,1
0.9999473783705837,1
0.9348748893085492,1
0.9861977069295045,1
0.51170887840968,1
0.8828743170540211,1
0.9755880173436385,1
0.9977660317468849,1
0.49957825258973426,1
0.8980876373148423,1
0.9819423827149525,1
0.45348797795529094,1
0.9274977670909361,1
0.5246969100573794,1
0.9106665524516337,1
0.9813606034113483,1
0.6962780412510825,1
0.9592086634868582,1
0.5819635868765292,1
0.9999007337655946,1
0.6822794226253046,1
0.9381959001453825,1
0.7000005202106168,1
0.995137806946143,1
0.9926947284470982,1
0.9940905867479694,1
0.9763206111078719,1
0.9716639444448414,1
0.9993271949569924,1
0.999865562269608,1
0.7527984724487718,1
0.9624766391551984,1
0.8376338654044456,1
0.9998643432926823,1
0.7527984724487718,1
0.9559862660537883,1
0.9994702936473715,1
0.9905035558066666,1
0.8815706572866572,1
0.9978415592079354,1
0.583739087502944,1
0.9978415592079354,1
0.6624089744757395,1
0.5971153523671563,1
0.9882478606746367,1
0.3803746989872567,1
0.5465655552460202,1
0.48063341892551414,1
0.9857401140822559,1
0.9496302003109259,1
0.9723689863880535,1
0.9999754149730534,1
0.999986360859961,1
0.3108971872042806,1
0.5409059951625282,1
0.9976060299602185,1
0.7603803508359118,1
0.6518136006429578,1
0.6518136006429578,1
0.7348076630490753,1
0.6261384481675828,1
0.9996386472674473,1
0.9959049961021719,1
0.8761386412898942,1
0.8516428780030963,1
0.7944574061321551,1
0.8658677623997816,1
0.9802131164429215,1
0.9867175258562126,1
0.8253634776636706,1
0.506758628988425,1
0.6716225102227179,1
0.9491572567208156,1
0.23977835413159854,1
0.999999976826614,1
0.6574999848117599,1
0.8390609135202198,1
0.26870872857469513,1
0.4796500430617322,1
0.7599786991900466,1
0.31381119647300754,1
0.8318540328405554,1
0.5209908333063911,1
0.9567771997647133,1
0.9581430753476041,1
0.5445879196080116,1
0.9581430753476041,1
0.37322028177937716,1
0.2823369808255777,1
0.9699096581687936,1
0.5078579100881204,1
0.8229116523315592,1
0.9978340529090275,1
0.998472865271735,1
0.9996036258529591,1
0.9987888028823486,1
0.9972074095226134,1
0.9999007337655946,1
0.9971341413897195,1
0.9998536435970463,1
0.9991113719892597,1
0.9987888028823486,1
0.9845133373492898,1
0.9512160249707684,1
0.6565049397086488,1
0.24795803014814896,1
0.9939985030232134,1
0.9846120963372696,1
0.9991129167984492,1
0.17136739149363292,1
0.964326103320942,1
0.9999990619204071,1
0.9999009100630877,1
0.48228581381893776,1
0.9942898677584034,1
0.7758631686609885,1
0.9756109531061159,1
0.9771606971984521,1
0.999870989762955,1
0.993358094426725,1
0.7618719243567572,1
0.9998615197107761,1
0.9997347990773535,1
0.999997245985033,1
0.3556407509730753,1
0.9429987169814344,1
0.630468960274244,1
0.9849611439175779,1
0.3655891218950336,1
0.787712287759015,1
0.7844551790615943,1
0.9999999968753848,1
0.9992791386047567,1
0.7698969351415482,1
0.9995768589581692,1
0.6832129688120101,1
0.33854424563162216,1
0.6832129688120101,1
0.9968540581820463,1
0.9894037060266336,1
0.9999315572510566,1
0.9999509894785517,1
0.9172028233771644,1
0.9744483737760293,1
0.6344680644741595,1
0.6154936426412403,1
0.8282274429203427,1
0.9626310081498799,1
0.9791279883991986,1
0.94354068999767,1
0.9863122359267994,1
0.83869081028739,1
0.7917701719800917,1
0.9542934832894984,1
0.9999633602262082,1
0.33820031130417877,1
0.6520362365298368,1
0.9519095107349975,1
0.8453398998450102,1
0.4459529431820227,1
0.9959841524145954,1
0.9970205363144854,1
0.9358091992064438,1
0.9994081369821746,1
0.9952786526868375,1
0.7800281787928106,1
0.9967043848446426,1
0.9853446386387087,1
0.8051780516045444,1
0.762802268476451,1
0.9736357974971191,1
0.9634133602067787,1
0.9877315380681001,1
0.9959233268792692,1
0.9959219380321833,1
0.16131250189478408,1
0.9672521382059038,1
0.5479659295599032,1
0.9981175796692087,1
0.9649423954984303,1
0.7775748119273084,1
0.958973960658202,1
0.9166262758303104,1
0.73942401392913,1
0.9946125060066618,1
0.9946630524214797,1
0.9945614834825373,1
0.9672521382059038,1
0.5154706368388724,1
0.9863405218273051,1
0.9953003459261225,1
0.7651420103993343,1
0.9860459890723624,1
0.9946630524214797,1
0.8673398546355768,1
0.7732030438685962,1
0.9189513796039881,1
0.17667196737108268,1
0.4096374019516377,1
0.9644465470948792,1
0.9902411152348846,1
0.9609138631420939,1
0.7537902559969359,1
0.661353844372103,1
0.9999157386398695,1
0.6453065349365642,1
0.9757113241806514,1
0.6444373697973385,1
0.9627256329593584,1
0.9997430719290749,1
0.9973816794132672,1
0.7560669216366115,1
0.9908891011414813,1
0.9973473322353621,1
0.978586990045228,1
0.8871912692542827,1
0.9864300552445221,1
0.6531358303737522,1
0.7662132360725824,1
0.9979368583417532,1
0.9997111484685699,1
0.999760025190809,1
0.9979368583417532,1
0.9973796878570275,1
0.9095536276745148,1
0.7464070743207332,1
0.6453065349365642,1
0.7805588241106194,1
0.9839754667561682,1
0.9966020645799295,1
0.793317373349995,1
0.4013246962139709,1
0.9866697501828773,1
0.8254661860356519,1
0.8814305765735516,1
0.9824153781245808,1
0.21487194588468816,1
0.9999356998610033,1
0.9809593877339172,1
0.9923846521550739,1
0.3831586213036581,1
0.997565750709864,1
0.4052619771867896,1
0.7944973802913364,1
0.5626447605972132,1
0.995305258031372,1
0.6103690270970235,1
0.985484443759922,1
0.9993196424017111,1
0.9997080533739944,1
0.9091860483760141,1
0.999999058528465,1
0.8672974141822833,1
0.9676505719321512,1
0.9999170110969992,1
0.9999941849847319,1
0.993809866677616,1
0.7267439485320853,1
0.9999876537747285,1
0.7938957485066228,1
0.921022237296809,1
0.585491143993228,1
0.5301472129031269,1
0.996218388829842,1
0.9995676733728842,1
0.9987111691760927,1
0.9525585888223185,1
0.7082758048516142,1
0.765542307889314,1
0.951017413931774,1
0.2572981787779341,1
0.7207053651082197,1
0.9997925448485794,1
0.9752480821151619,1
0.9994085098175153,1
0.40526789103777044,1
0.643414667385674,1
0.89006944270125,1
0.9888888971646236,1
0.9999056536315591,1
0.9809858934863291,1
0.9997488571249322,1
0.9404200189142302,1
0.7132235097373698,1
0.9732466507454031,1
0.9286542094642531,1
0.8265376332901954,1
0.9915858860772409,1
0.9733053148258641,1
0.9941398108483032,1
0.2844474890840237,1
0.7355855845290177,1
0.9205914278304858,1
0.9859078168207952,1
0.968634531263283,1
0.9978670977513835,1
0.9921103488284372,1
0.996514777724567,1
0.9735290796132035,1
0.8657782259943697,1
0.6907477767123688,1
0.9999056536315591,1
0.931167518519669,1
0.6706143447490793,1
0.9997671084441853,1
0.9938737921091841,1
0.9999249301386285,1
0.9997671084441853,1
0.9804472261835108,1
0.986281777277462,1
0.9897862392284538,1
0.6313846710487696,1
0.9995366700414385,1
0.9916018761914096,1
0.9992488612245264,1
0.999989812137309,1
0.694460253828417,1
0.9898995836893064,1
0.9908201767024475,1
0.9921631530015118,1
0.997404573174183,1
0.9152236334441572,1
0.9856089764269634,1
0.9995349266386556,1
0.9920101204878775,1
0.9942013694813007,1
0.9888311290961642,1
0.827628412098775,1
0.9989964957724667,1
0.9989549523995993,1
0.9871306443297652,1
0.9997671084441853,1
0.9998694985986515,1
0.9998705545670072,1
0.8870744280279662,1
0.9995882292451592,1
0.8362813379079014,1
0.16590658741897815,1
0.9866821477337814,1
0.4245578618580476,1
0.9763986011068998,1
0.9856708477745644,1
0.9969896404353917,1
0.9997390421293252,1
0.8578316330285927,1
0.9297669673377079,1
0.4071111693723526,1
0.9975288633704609,1
0.5088107166029052,1
0.8698401895166824,1
0.6003010544497269,1
0.8488227375698343,1
0.9829030112181246,1
0.525632923197064,1
0.9986263187067116,1
0.9998384132627863,1
0.2754053084024836,1
0.6003932038398703,1
0.8291158158149723,1
0.9957237077240695,1
0.9999994328100332,1
0.9974909706163468,1
0.9876494935906186,1
0.8073963055863841,1
0.8207841766093884,1
0.8521246911949444,1
0.9999469783958082,1
0.9350268075743791,1
0.48758661921091945,1
0.8062224136256341,1
0.7767755684207208,1
0.5220073686744137,1
0.9975784327220688,1
0.5192561449464047,1
0.984647212404262,1
0.7936949591364694,1
0.9843602728122894,1
0.792484834540475,1
0.9715214065617872,1
0.9571074891191175,1
0.8980061060786838,1
0.9092772406453055,1
0.11619072370738691,1
0.7958390057877687,1
0.9999996748629594,1
0.915989502433356,1
0.9247625741851216,1
0.999695760483509,1
0.9780064948228813,1
0.969557565085664,1
0.21321949432039117,1
0.7659944687466683,1
0.7568548874449991,1
0.9495578154723244,1
0.49392416761043656,1
0.7419064465738786,1
0.7664397417681756,1
0.7664397417681756,1
0.9646173532679557,1
0.9858778873094924,1
0.9948399346790106,1
0.9004068927054428,1
0.9977816855848766,1
0.7019652879708617,1
0.8198646261715519,1
0.7678544077078274,1
0.9963574282072143,1
0.9033196181561792,1
0.9743302231905893,1
0.9856484076925965,1
0.8477568799650822,1
0.9999031565297024,1
0.5158943509461671,1
0.9437184123863239,1
0.7195532031626106,1
0.9992477723959576,1
0.6648866654911917,1
0.999705319171812,1
0.9872912825802457,1
0.9992461581105846,1
0.7678544077078274,1
0.9999031565297024,1
0.8344406415428727,1
0.6078287157322592,1
0.8377397653794082,1
0.9999987102222951,1
0.9065648738850419,1
0.989800016028471,1
0.9868219191966475,1
0.9853683202626914,1
0.7708814338228814,1
0.9080167219172885,1
0.8089912008148828,1
0.91127086473166,1
0.9999208731456369,1
0.9999948417604521,1
0.5887734753285297,1
0.9971630957385025,1
0.9100676331877,1
0.9999929490861554,1
0.7691854081813944,1
0.9998681197579257,1
0.9998582565209767,1
0.9996492527455898,1
0.9981232468081417,1
0.9910215725951131,1
0.9966191872981237,1
0.9334508982934527,1
0.9966191872981237,1
0.9583046816252816,1
0.968854506797558,1
0.9988236483749515,1
0.6224871618647067,1
0.9666469299020476,1
0.9991985519150555,1
0.9997515518013994,1
0.9979915695387407,1
0.4282124513335911,1
0.9999878045381901,1
0.9999770646676723,1
0.9999604163926384,1
0.22800932014797493,1
0.6822428798493574,1
0.991176042309445,1
0.6845801464355832,1
0.6641572493270832,1
0.9770556556660154,1
0.347570020361415,1
0.9985002201765713,1
0.8125194881031207,1
0.6834812163648505,1
0.996605991190909,1
0.9985868312797259,1
0.9752844492777579,1
0.9838563388958396,1
0.9838563388958396,1
0.6620298180029643,1
0.548595277545826,1
0.9764374716308389,1
0.8148926434499596,1
0.9989903299617852,1
0.9971996078164258,1
0.6737842159777057,1
0.425685295182077,1
0.872173315335809,1
0.2574894655992386,1
0.9691276632678936,1
0.9900843355986493,1
0.9859451963276145,1
0.998135665327519,1
0.8502068481927623,1
0.8911514760267633,1
0.9658524970176686,1
0.9869918377576636,1
0.9859138118036641,1
0.8760923918696111,1
0.8741564617711456,1
0.9997555907388271,1
0.9491518441640011,1
0.47236448340404014,1
0.7403705637888981,1
0.5525681389092929,1
0.1933695980476415,1
0.9965354190468244,1
0.621651408363836,1
0.998869607334321,1
0.26486676335354764,1
0.9730468898790378,1
0.8698265840301116,1
0.8698265840301116,1
0.9988692355293236,1
0.9625840940967665,1
0.9609371109080549,1
0.9999943583289127,1
0.9980352512680961,1
0.8506754499794377,1
0.8010114754112229,1
0.9747501947643386,1
0.9798105975850433,1
0.9993638093796035,1
0.9489474002032077,1
0.5297043495928346,1
0.8698265840301116,1
0.9993535206281925,1
0.9998189465513402,1
0.9999975687389526,1
0.9226220256456669,1
0.9841891541201166,1
0.6633479850764314,1
0.9299427050327715,1
0.9299427050327715,1
0.9922251582625439,1
0.9950423301133628,1
0.9958300702964953,1
0.9493960804489936,1
0.9579959459488344,1
0.9886201296814993,1
0.9958300702964953,1
0.8477909034192028,1
0.9960815997893699,1
0.9983007758269663,1
0.8467117414339294,1
0.9922697760619711,1
0.5169033312983967,1
0.998179440453888,1
0.8907027405173119,1
0.47190684981068115,1
0.6408283134361271,1
0.6375319356917408,1
0.9189352462163829,1
0.9271951691138934,1
0.9955656325355836,1
0.9955605430027231,1
0.9989576333575171,1
0.20600352728404234,1
0.19944431151541453,1
0.969706386234047,1
0.20600352728404234,1
0.19944431151541453,1
0.9896801372841016,1
0.9116428109975324,1
0.9999052995321589,1
0.9908938095008905,1
0.9902193694393514,1
0.9907661662032198,1
0.9902193694393514,1
0.8053066599691591,1
0.928253929517631,1
0.9627358119038506,1
0.9719257072485425,1
0.9994090864533517,1
0.8647575593319617,1
0.8609268723271518,1
0.4624629249605253,1
0.4654097989691197,1
0.8197277269158622,1
0.9582396360703883,1
0.8196647493692782,1
0.9793137465569937,1
0.6551507359074834,1
0.8277180797347641,1
0.6551507359074834,1
0.9949139274733093,1
0.9999045046787628,1
0.9994085820519627,1
0.9931415472225006,1
0.9753016154481838,1
0.9999371407517373,1
0.995323655137814,1
0.9993535206281925,1
0.6221411686495175,1
0.7229895686429696,1
0.981539306546078,1
0.8713611317281886,1
0.9925455657500194,1
0.9971757223518637,1
0.9863177493273527,1
0.9865390472564333,1
0.9955500843872213,1
0.7010895533980904,1
0.9997670986533846,1
0.8322873570001672,1
0.7275531260435311,1
0.7001311523099344,1
0.9989520667754591,1
0.9989520667754591,1
0.9989520667754591,1
0.6317605765545872,1
0.9884026042958931,1
0.9907583486294107,1
0.9914693646489704,1
0.999470999334621,1
0.9991628461616463,1
0.8708914629982812,1
0.8708914629982812,1
0.7583350651858616,1
0.9989483682959289,1
0.990803707463672,1
0.9999741638748371,1
0.9999741592279288,1
0.8933936837965827,1
0.8864578550821144,1
0.9919460946195121,1
0.9991539852045154,1
0.990803707463672,1
0.7676634849216691,1
0.37692511968908504,1
0.837279084057129,1
0.20961717998825635,1
0.6397977459147987,1
0.438391080653999,1
0.9989624779744135,1
0.9056951343733317,1
0.9999563931475625,1
0.9997671084441853,1
0.6691038437417828,1
0.9736309145200865,1
0.7934439852307015,1
0.9989682771576227,1
0.9124854326155031,1
0.9124854326155031,1
0.9999062273365403,1
0.9749870609061114,1
0.6761104274947987,1
0.9428549056080984,1
0.97688562989553,1
0.9999653159187798,1
0.7550903123554296,1
0.4720982812450409,1
0.9812287842927819,1
0.9988638689162601,1
0.9942166361743373,1
0.5865036214328156,1
0.9631332102988324,1
0.8989823295350303,1
0.9963739832785801,1
0.9929976799695546,1
0.9953428775333819,1
0.8708914629982812,1
0.9957343100131809,1
0.6387164236258438,1
0.8386241910161534,1
0.9419921550876643,1
0.9800284245362995,1
0.23119978259037616,1
0.9308701800926544,1
0.9607079048137117,1
0.9927756135830539,1
0.9999222971058387,1
0.8708914629982812,1
0.45326490907600453,1
0.8171544686302967,1
0.9351216240146976,1
0.7220681677108972,1
0.9941463951612152,1
0.9930867047434776,1
0.6768857979345709,1
0.9941981888689837,1
0.9957479818863075,1
0.940205440161957,1
0.9712602610181038,1
0.8354715251519934,1
0.7530561259804912,1
0.9957149041530465,1
0.9957179654190674,1
0.9193186744372586,1
0.979311358940456,1
0.9973077437877115,1
0.9951258539366722,1
0.890194278739616,1
0.8569254350323319,1
0.7603056988075134,1
0.8019931717181181,1
0.9196284334261111,1
0.9196284334261111,1
0.9749342233513183,1
0.9991561647864134,1
0.9308454609442842,1
0.9464694237580211,1
0.8683958980826688,1
0.9476098402960104,1
0.8464154291871658,1
0.8464154291871658,1
0.969552843805958,1
0.9882535085208726,1
0.9805031414296278,1
0.9699051792026184,1
0.9999405450245386,1
0.9999546824403154,1
0.46453230549834135,1
0.9024943345381695,1
0.9997236327070042,1
0.9595650159943915,1
0.9978118656044158,1
0.9097448307684175,1
0.9997284995798645,1
0.9999999958045038,1
0.9992965977554581,1
0.4772458847467077,1
0.3168680251609601,1
0.9997617620906775,1
0.7566188066841267,1
0.7403705637888981,1
0.9909760333029279,1
0.7559242895097333,1
0.9999715803115239,1
0.8972055581578402,1
0.8785533029791937,1
0.8770878085072136,1
0.8341771740723499,1
0.9998280601705657,1
0.9999715803115239,1
0.8785035945886431,1
0.8785035945886431,1
0.9968505633632097,1
0.7640256761486712,1
0.7162293793271903,1
0.8954753750953577,1
0.8954753750953577,1
0.9378890622940657,1
0.8927218447345302,1
0.8953415275709816,1
0.9882535085208726,1
0.47858711414044836,1
0.8924553397113545,1
0.9414689018180188,1
0.8054934626738621,1
0.8090367640477327,1
0.999830689602072,1
0.978993141455988,1
0.8054934626738621,1
0.998260269772607,1
0.6166072338598643,1
0.9967037686605653,1
0.38875045918426127,1
0.34124018175707116,1
0.9991863975081926,1
0.8333251818047636,1
0.9999240953807481,1
0.9538997532579536,1
0.8333251818047636,1
0.8066816702344797,1
0.8572645057287509,1
0.9865128400204333,1
0.9999999999953069,1
0.922424448684244,1
0.9999999999953069,1
0.4336793951393759,1
0.9999893120370142,1
0.8178131885498564,1
0.9998644690919742,1
0.9834871047473343,1
0.9997991899685731,1
0.9308454609442842,1
0.9985384014956693,1
0.9985384628634265,1
0.996609784914361,1
0.9921423475288853,1
0.9347891950384891,1
0.9919784526628457,1
0.9998338912974198,1
0.6882076245968167,1
0.9448610800436339,1
0.945020936338151,1
0.9450608321588366,1
0.7850658480821054,1
0.9792501131136849,1
0.4303057468141466,1
0.8046374105620839,1
0.9336646958891217,1
0.9999765543726622,1
0.9970616511011491,1
0.8705221735400246,1
0.9743391339949291,1
0.512371208441274,1
0.9999425245726775,1
0.914237089656327,1
0.7223627869312225,1
0.4967866780418479,1
0.9992026619749946,1
0.9879284926211216,1
0.5725980006019189,1
0.954139182884603,1
0.5725980006019189,1
0.9017766944959741,1
0.9403259795051303,1
0.5337678892851131,1
0.6050780650967746,1
0.6050780650967746,1
0.9996531462321561,1
0.9667782764281508,1
0.9997671084441853,1
0.999942324760955,1
0.9991972762268381,1
0.4724645834778573,1
0.5694723078822693,1
0.7201657261874622,1
0.9998657728117456,1
0.4901491313350628,1
0.9968383135452932,1
0.9999980781501785,1
0.5500366048450488,1
0.810821022660207,1
0.9686621181718015,1
0.9560459825360023,1
0.9620328751011622,1
0.9938984668085916,1
0.999706063459658,1
0.4132454702069782,1
0.977304170605105,1
0.977304170605105,1
0.977304170605105,1
0.2379417311166328,1
0.9961918975446585,1
0.597052403499863,1
0.9998674436312289,1
0.573326421429211,1
0.9989685342603281,1
0.999783752550661,1
0.573326421429211,1
0.47311496249846213,1
0.5135193226470391,1
0.36498185869158406,1
0.815500822706811,1
0.383291631713947,1
0.9873191784990734,1
0.9662610379893777,1
0.9986553279979136,1
0.6402079119890405,1
0.8728157649599535,1
0.960929316836613,1
0.960929316836613,1
0.9090995178983328,1
0.9636118578503025,1
0.9844342794606071,1
0.42722941711449786,1
0.9810573044790497,1
0.9994442826734083,1
0.909538176441373,1
0.9648217246656751,1
0.909538176441373,1
0.9999965813251134,1
0.985720114836972,1
0.9833850194464839,1
0.9238996866423171,1
0.9252139776293556,1
0.9397620273258295,1
0.9837344808933459,1
0.9379266968283106,1
0.9992755379426892,1
0.9114752803878153,1
0.9992755379426892,1
0.9992755379426892,1
0.9992763870928278,1
0.3669108187013847,1
0.9997671084441853,1
0.9985066159448045,1
0.9997671084441853,1
0.9717312924572498,1
0.6957450589303301,1
0.9999469284519104,1
0.9714937050006254,1
0.9701805328097703,1
0.356578273341177,1
0.9990917147586337,1
0.9723581106816854,1
0.9331349115901894,1
0.9341528130634542,1
0.9995592871295587,1
0.9996676914166027,1
0.25160024121579105,1
0.9608682113933183,1
0.9714937050006254,1
0.4583496948689714,1
0.9997097023934615,1
0.9778278744367114,1
0.33995779433167145,1
0.9992045007392463,1
0.9899635189342061,1
0.39288016051709246,1
0.9442785580954239,1
0.4709090345171407,1
0.9999999177177806,1
0.5249616420109767,1
0.9324507567202922,1
0.9494717692910913,1
0.9683439989940862,1
0.6970481886809192,1
0.9974034582559752,1
0.9402250473959438,1
0.9402274105906878,1
0.9766712409145821,1
0.9998567147811306,1
0.9916310856902543,1
0.1241859583241789,1
0.9992259224264752,1
0.8729525907701968,1
0.8050410273630845,1
0.9793532294519491,1
0.9629729212941007,1
0.9936910993136172,1
0.4942324127521054,1
0.9982521722246233,1
0.9983035451158716,1
0.9920694080470129,1
0.531316561442769,1
0.7775556440812335,1
0.9333135801248653,1
0.8769364574698854,1
0.9948186308243856,1
0.7952429234120764,1
0.9291618909011656,1
0.7839546275002228,1
0.806487222591112,1
0.9969593056557041,1
0.20256074637020677,1
0.7526229442312447,1
0.9901598292065122,1
0.8866512414665411,1
0.5982727382362069,1
0.9928278781016198,1
0.5982727382362069,1
0.9928278781016198,1
0.5982727382362069,1
0.9928278781016198,1
0.8287008628430709,1
0.9997861429759346,1
0.9990406150482906,1
0.9150496007547556,1
0.9678931627469951,1
0.8126794206140004,1
0.5501714288971619,1
0.6457322083031267,1
0.7708814338228814,1
0.9801109898566971,1
0.9801109898566971,1
0.6324788574654631,1
0.8391587113091222,1
0.7685492020327415,1
0.8873916130984666,1
0.1863721946952657,1
0.9998681197579257,1
0.9993089289099414,1
0.9944521262795616,1
0.9937898298965216,1
0.9988236483749515,1
0.9988712435026409,1
0.9951842891052461,1
0.9988236483749515,1
0.9999022877518989,1
0.9990749062941433,1
0.5208064499137167,1
0.9988393349535816,1
0.760280483098078,1
0.43949802782850844,1
0.9976935135277739,1
0.9977015015193306,1
0.9998569477566257,1
0.9957329795701053,1
0.9984916314014443,1
0.9614926537186658,1
0.9777890167283052,1
0.8707980039108836,1
0.9979741441515817,1
0.9960667090895039,1
0.7044658530680524,1
0.9988768255376141,1
0.9155496819594776,1
0.932246133109932,1
0.7345279872699713,1
0.9498431858003087,1
0.29428952459261076,1
0.9597107576020294,1
0.5227487070015021,1
0.9959461589175954,1
0.9724093629305604,1
0.9993517921101839,1
0.870990561419106,1
0.8486996763226261,1
0.5284041268264141,1
0.988328879031296,1
0.8995248026262026,1
0.6177030700131009,1
0.9772538650210187,1
0.6523440071136674,1
0.7042674413814849,1
0.8986003403271164,1
0.9965500928521054,1
0.5144256282848766,1
0.9905873570820308,1
0.9976231346191198,1
0.9999922592085992,1
0.5482475981444783,1
0.9991830224697911,1
0.9822118998292977,1
0.7492425292065511,1
0.9982051943695847,1
0.8980604337628592,1
0.8535166469445027,1
0.9998763593977764,1
0.9566836157317752,1
0.6223792557435761,1
0.5307359462056832,1
0.4460881065067854,1
0.45629431279850347,1
0.30813470196047477,1
0.9997659526456866,1
0.9352829537982198,1
0.6860877128316117,1
0.949498244429984,1
0.999564716652804,1
0.804180379625399,1
0.9999022877518989,1
0.752115630452522,1
0.9816073327075218,1
0.9998606193351194,1
0.9949194772815957,1
0.9990749062941433,1
0.5001102700506843,1
0.90058153084301,1
0.9693905504886747,1
0.8491982298599192,1
0.5602482033870282,1
0.9969629310077424,1
0.937711061555673,1
0.7322999992969643,1
0.9865808111864912,1
0.9999998972232526,1
0.6706910678275172,1
0.9440934399185209,1
0.9979444544600177,1
0.9040844871085894,1
0.9783841537966989,1
0.987365271539209,1
0.9690642794786212,1
0.2604560951192419,1
0.9962143057581041,1
0.9967382285596915,1
0.6717885309941375,1
0.9872183152107652,1
0.7420229695165126,1
0.99850102350815,1
0.7600435268396275,1
0.5944044430569502,1
0.8148538464562735,1
0.6026936919922249,1
0.9944893889293419,1
0.7142161344263911,1
0.9990884538400789,1
0.996092061822271,1
0.8813439976100367,1
0.4554829831728455,1
0.6290149669465067,1
0.996790911968702,1
0.9945476647454838,1
0.9179418339640363,1
0.7210157144343843,1
0.8115467388104589,1
0.9820819849042736,1
0.986836408365214,1
0.9676669891614553,1
0.9345744045019961,1
0.7118194166766086,1
0.942466256441694,1
0.9997760593612075,1
0.9874995811467557,1
0.9007742290669036,1
0.232246397726646,1
0.9924754938896788,1
0.9856099390929532,1
0.9145844867122066,1
0.6551602359204423,1
0.9048865655229932,1
0.22349061679427246,1
0.9744579785177729,1
0.9844405449866763,1
0.8645347480690977,1
0.9992164733493137,1
0.9720553108143344,1
0.9874696193493112,1
0.7001311523099344,1
0.9831217720667985,1
0.8218548017219651,1
0.9097334356370056,1
0.9947179475565502,1
0.9851205692120806,1
0.9344196592256132,1
0.9994004154802041,1
0.9655332714169369,1
0.9995229273350843,1
0.9992743326339252,1
0.9737577455556261,1
0.6557491324078416,1
0.4833223309479244,1
0.9975377118886269,1
0.25397718471781083,1
0.862639227824912,1
0.8634990978570961,1
0.9963725954300492,1
0.9953357153942952,1
0.2765721447441843,1
0.992947367931019,1
0.9961667113917541,1
0.9255555308201773,1
0.9945196017959006,1
0.38673664411421516,1
0.35453655281286695,1
0.7433826042683768,1
0.4630000232212642,1
0.7720667696293502,1
0.1629370150912609,1
0.3513498272120601,1
0.9849454012231694,1
0.7720667696293502,1
0.46989374612683193,1
0.4184649800409672,1
0.9834108991303878,1
0.9938913541403037,1
0.9957163275608939,1
0.9470751054576063,1
0.9581257849221035,1
0.9999999999990992,1
0.24823613991534785,1
0.965257457349373,1
0.931827378489331,1
0.9768439759342444,1
0.931827378489331,1
0.9876748786609202,1
0.9941094813385104,1
0.25995665496552195,1
0.979648188917169,1
0.2593500734973713,1
0.9997271922465363,1
0.9860521299163619,1
0.4768543899994546,1
0.9716681270701666,1
0.9999828044515731,1
0.8055621849900476,1
0.9684576784211331,1
0.4061632192638119,1
0.93156317471685,1
0.7882030951904181,1
0.8977636361583099,1
0.9492537868734758,1
0.9986521948524171,1
0.22331161228036664,1
0.9880763050368349,1
0.8090432603896286,1
0.8008136990906861,1
0.4451631645373905,1
0.99050976002762,1
0.47332362876049716,1
0.9948353352844697,1
0.2831324591363909,1
0.9838457896163549,1
0.26843983604588467,1
0.8515360526783823,1
0.9975564253397731,1
0.5944044430569502,1
0.9999457391909883,1
0.392919961010876,1
0.992773375321894,1
0.9561245171506582,1
0.392919961010876,1
0.8802721209914647,1
0.9999627684384825,1
0.6716154022247144,1
0.9997194735197859,1
0.5441608246024731,1
0.7216312800543553,1
0.8329527950155963,1
0.9823032946393363,1
0.99050976002762,1
0.22257146279576456,1
0.43949802782850844,1
0.9873550499504268,1
0.6841654241552422,1
0.9996219002752466,1
0.5028107302213277,1
0.9906782373781761,1
0.999786436254292,1
0.9999603591382441,1
0.9988682697055068,1
0.850893221875252,1
0.9947646147373036,1
0.9885601376743594,1
0.9279033296402759,1
0.5944044430569502,1
0.9982160359319266,1
0.9279021959248595,1
0.9140709704038761,1
0.9058626900355787,1
0.9690010565453925,1
0.9999627684384825,1
0.9920399222415788,1
0.9290148457393795,1
0.9999616981286352,1
0.9705769357733662,1
0.9796624807683803,1
0.7366870234690328,1
0.9999627684384825,1
0.9982664168235671,1
0.9982670813543892,1
0.293031878228344,1
0.23254813612724418,1
0.47992913868833964,1
0.1512086092521831,1
0.9999750709326561,1
0.9999603591382441,1
0.9922747495065934,1
0.17750154865452228,1
0.8954476580793966,1
0.17857764691291161,1
0.9867418155923601,1
0.7395910571506585,1
0.9963428137355698,1
0.9941072318837528,1
0.9172343876413075,1
0.9806735782339816,1
0.9999991562839217,1
0.9585960496768124,1
0.7976554258734306,1
0.43930070410052585,1
0.8725003805135906,1
0.17130976833830844,1
0.18183349125729564,1
0.18438178687526469,1
0.9856438370901344,1
0.9941094813385104,1
0.8869928439131237,1
0.1869715419193737,1
0.9673630484100217,1
0.9513487100429348,1
0.9790917538665097,1
0.2843064712778335,1
0.08366039152719777,1
0.9790917538665097,1
0.9745023585465951,1
0.17927057037166413,1
0.9987575867388974,1
0.9922747495065934,1
0.9991446414092017,1
0.9972607357747437,1
0.29144116996254515,1
0.9984952713835507,1
0.942466256441694,1
0.9557126869566203,1
0.0462072832343029,1
0.9961227086201926,1
0.9999999962445234,1
0.7765663747065209,1
0.9942839002176069,1
0.14151565409111125,1
0.9650227165765497,1
0.9676669891614553,1
0.83521438549427,1
0.9698241378425428,1
0.8886465218446365,1
0.9231206224441846,1
0.9246730553191642,1
0.7907612186860487,1
0.96880079877001,1
0.9983808780574603,1
0.29702559737792655,1
0.09491830148471836,1
0.9267555818340605,1
0.14967468655022936,1
0.9709461853908906,1
0.99074411081413,1
0.19804010590528276,1
0.992715152284563,1
0.9924682382213985,1
0.45373608866010606,1
0.9924754938896788,1
0.9961642430766775,1
0.45516228956578364,1
0.05101284698503263,1
0.5523095716590573,1
0.9993612436315721,1
0.13537707860196266,1
0.9990749936895387,1
0.9987923291279507,1
0.9788475301170337,1
0.7209832065892511,1
0.037954211267217645,1
0.6215861441848091,1
0.7231956604739005,1
0.8252206491168858,1
0.8021086343646566,1
0.16306418204646542,1
0.9744054341105806,1
0.9930470139743316,1
0.97347398826851,1
0.9788475301170337,1
0.2053583984071022,1
0.8516906106100399,1
0.9999945713740729,1
0.9930541589428531,1
0.1674717154471395,1
0.11085920258820078,1
0.27588173907515834,1
0.9991449472944929,1
0.987095585506493,1
0.14408048154036937,1
0.9232973529008255,1
0.9859057771957015,1
0.21832794100017863,1
0.9950417615961954,1
0.971710243027842,1
0.9737952436314267,1
0.1513867572821392,1
0.14418197497995242,1
0.2590923935407013,1
0.9780428818948388,1
0.9746611226109457,1
0.6821675738701198,1
0.9259373900607255,1
0.9947118410086714,1
0.5381910968662842,1
0.9617647826662484,1
0.889331543462462,1
0.9973639424425147,1
0.2442104724481894,1
0.7674472718910063,1
0.25204953686774645,1
0.775898846135327,1
0.9930917703745117,1
0.96880079877001,1
0.7230007048531071,1
0.8783221652334035,1
0.976881437965775,1
0.9873143690720375,1
0.9947098203572393,1
0.9775109254986237,1
0.8653055529606517,1
0.9841307508398888,1
0.996384644826467,1
0.8802029634078369,1
0.8973001696635117,1
0.9836610599831854,1
0.2780857694048501,1
0.1431580403289158,1
0.9999999999999964,1
0.9929658482782752,1
0.9879684589471299,1
0.9945343716568639,1
0.9857579913415134,1
0.9486787476117209,1
0.8924092669798235,1
0.9999997903032436,1
0.9898995836893064,1
0.9992886662619241,1
0.9998280903166358,1
0.997305070852641,1
0.9916637810830973,1
0.9991137012734936,1
0.9924140669240799,1
0.6408974209211272,1
0.999897071999034,1
0.9428381336905545,1
0.9999999458834228,1
0.999837611279675,1
0.8465589856789707,1
0.3072151002783342,1
0.4145409015216705,1
0.9468582426129792,1
0.7861140827855565,1
0.9999629518530311,1
0.9895440489579442,1
0.9941094813385104,1
0.9904226883460742,1
0.6399539499854616,1
0.9862872939633378,1
0.9996943179952937,1
0.9997580745173067,1
0.9981315749613413,1
0.4755275037021298,1
0.9895245971547187,1
0.9280346791221276,1
0.9999994351387536,1
0.9997659526456866,1
0.8420627511670151,1
0.9999461575307698,1
0.8515587077746722,1
0.9979679476236138,1
0.9485310541757006,1
0.9996554382289513,1
0.7820118002537105,1
0.7974839526618881,1
0.7939672702628015,1
0.7974839526618881,1
0.8651364639228565,1
0.9862916475243416,1
0.44118333831654843,1
0.9743302231905893,1
0.9997659526456866,1
0.999798408307608,1
0.47347649556680327,1
0.9976044316194379,1
0.9269528175973053,1
0.753565595204215,1
0.9240628475089734,1
0.8038514212718032,0
0.7639850817158022,0
0.00836877672418412,0
0.008794256747853162,0
0.29154048503691743,0
0.003240370036984786,0
0.10404136661513605,0
0.1626548639454847,0
0.05679014329997934,0
0.3005382642995563,0
0.0032709960575067914,0
0.16299520188407735,0
0.017731834068693008,0
0.1073180878505209,0
0.18174666368797207,0
0.02254315918236172,0
0.09930600705998,0
0.053471876760963766,0
0.10948116888932861,0
0.3159258603961189,0
0.13663651975114194,0
0.17743975094871442,0
0.2299144713151283,0
0.10925479537340127,0
0.29681049098408024,0
0.0013701358956980537,0
0.04990745279406791,0
0.2440586389023239,0
0.04359384078187076,0
0.06247061440378783,0
0.38741477947315967,0
0.13324945455343268,0
0.23277205131260276,0
0.18857196131356493,0
0.30437134078894557,0
0.0005744661991548849,0
0.09062100959081246,0
0.08530742516425023,0
0.29874316708336707,0
0.1380056835864515,0
0.6559835701023201,0
0.15439400902146094,0
0.04047252463296734,0
0.17839174411792683,0
0.012389606144036744,0
0.13915229464677356,0
0.0009676921198270924,0
0.009024711282727624,0
0.4265342709539919,0
0.829483174731721,0
0.1471928070398902,0
0.3189236855121187,0
0.14167799500230552,0
0.25626826971558275,0
0.1436420690194209,0
0.3781220366134551,0
0.09876898602535783,0
0.20205555735450345,0
0.16174556105943463,0
0.3475377649990091,0
0.1373385767381745,0
0.05368911680060107,0
0.11623912467119227,0
0.09208838924500913,0
0.00775178206543057,0
0.007419109411107519,0
0.11226744209539975,0
0.015329964337927361,0
0.02197240829968311,0
0.013623462495274304,0
0.1252898281820916,0
0.5003536605540629,0
0.07521475246931324,0
0.357525902269227,0
0.28904029295994443,0
0.288885464819823,0
0.16420533607993573,0
0.02362198192578332,0
0.2860520312826129,0
0.02451342536424563,0
0.19692415816666506,0
0.15660907583005365,0
0.1833025015247501,0
0.21134762021490944,0
0.007430086619945357,0
0.05144617758997516,0
0.0009676921198270924,0
0.6510632658170872,0
0.04425576816562586,0
0.0009676921198270924,0
0.10355933518975546,0
0.2578348581778418,0
0.007670844422424541,0
0.0006128145076908428,0
0.01337477616851387,0
0.15652890672067662,0
0.3611556463553366,0
0.11064436613726364,0
0.03048221633131329,0
0.013018975614652815,0
0.0009676921198270924,0
0.37974742820175444,0
0.13286123360452112,0
0.4130876396991923,0
0.2640528039400799,0
0.4110342140466465,0
0.36664299854115845,0
0.010806986864366007,0
0.04323377143302643,0
0.007419419069728423,0
0.04647681363584455,0
0.5474933202538544,0
0.08107843587339905,0
0.04614496332838661,0
0.08878928830868191,0
0.06705920164959221,0
0.0959044548378321,0
0.09556162707933613,0
0.7687169860666389,0
0.15257396926559708,0
0.04993000948210842,0
0.01661219250253901,0
0.49844244787037656,0
0.19464413706141356,0
0.20624793773291158,0
0.5723842527381903,0
0.21882838527977122,0
0.018336041613976572,0
0.24269088543695347,0
0.08970818399435454,0
0.0664541736048141,0
0.1640038092567892,0
0.024059638807629655,0
0.13712949748931996,0
0.24461112366236532,0
0.16887818552029443,0
0.0638666486033851,0
0.4501538420765131,0
0.1767258888538617,0
0.2886548285944228,0
0.17711349486369476,0
0.12510870995670678,0
0.05694340889874158,0
0.02768680855173891,0
0.12414952796268895,0
0.017135641859935692,0
0.03464377406248685,0
0.001208665208461564,0
0.07486318910035025,0
0.006037215904682129,0
0.2273211476216719,0
0.00013036099357141274,0
0.018158896750531284,0
0.30609767642849517,0
0.05120482959667215,0
0.09532833655896401,0
0.3791733266929581,0
0.12752744747458003,0
0.1313677896140589,0
0.22765837172364486,0
0.25006820168986454,0
0.3131250444620672,0
0.2775714463115824,0
0.0887099886941514,0
0.007166539871208188,0
0.05676990835600076,0
0.07709717947657085,0
0.0901315191223241,0
0.2022406569491103,0
5.847837685513778e-06,0
0.10423827233041512,0
0.3149384303411174,0
0.48722867667764636,0
0.09093513529957276,0
0.00057836059867603,0
0.0003984963580485752,0
0.029848036396352657,0
0.09944549190297648,0
0.002604806444942083,0
0.019142428651489147,0
0.14797843006096462,0
0.03899027413018047,0
0.0663108756334176,0
0.07235955297353848,0
0.037852716353158046,0
0.23456995383275767,0
0.09160825426288309,0
0.04983013386921419,0
0.029044595142612317,0
0.18572600380733534,0
0.16454534760397824,0
0.05516811969632493,0
0.03613204825117656,0
0.09845820199212012,0
0.009286425687167135,0
0.22246376357430586,0
0.04006399401294307,0
0.011615788989668308,0
0.3405833812038432,0
0.15240909858423965,0
0.7176135062028117,0
0.9830393642999891,0
0.06935150378290889,0
0.38937189484533974,0
0.09597020103113969,0
0.005177117295971684,0
0.03257026896897786,0
0.3420947199942034,0
0.30650999943261664,0
0.16473498927225277,0
0.19817537160547924,0
0.18489495232316971,0
0.06169537900313824,0
0.13834272112996282,0
0.14806854169940298,0
0.3132133095860676,0
0.23687375225011204,0
0.049223061864479625,0
0.03900600600076593,0
0.0837082421456767,0
0.04165662101151989,0
0.02060901246329095,0
0.027265163408312722,0
0.12173641919964043,0
0.07208209121075544,0
0.03152791598720226,0
0.50047774010619,0
0.37156145914690714,0
0.03682393140935592,0
0.2059672665329359,0
0.13975870107700558,0
0.01163932272791952,0
0.07700397682013592,0
0.07541110616198135,0
0.035496645940805656,0
0.2917077726203941,0
0.04182233507890756,0
0.14354718064078445,0
0.23682165256906276,0
0.004174235287509633,0
0.0006224291157003833,0
0.3146683789276968,0
0.028772640342944817,0
0.004375963578617165,0
0.02929256126340781,0
0.12779545182189953,0
0.0010738490737614299,0
0.28625167038598165,0
0.50047774010619,0
0.019790285170715433,0
0.13887710630000968,0
0.03167668391810516,0
0.004496797787924821,0
0.0031855988375190775,0
0.13241542700280773,0
0.30400271153930997,0
0.2081136159521576,0
0.16516007145541053,0
0.1334085161230879,0
0.011685004303428267,0
0.004090390061005675,0
0.048849203092809546,0
0.3141118275906557,0
0.02274487747596213,0
0.07186908516414622,0
0.14953845915480643,0
0.1365260522875564,0
0.26798979739269146,0
0.16000703082885243,0
0.05179782086552915,0
0.5694715060818268,0
0.19619437352851699,0
0.2622985715335308,0
0.0001970145112122043,0
0.012679792902056619,0
0.04355685718728322,0
0.6814686620329053,0
0.291032471196977,0
0.1358472973774922,0
0.1947625510900422,0
0.09712961472528465,0
0.5990062991881839,0
0.08111999708568596,0
0.19824392177342975,0
0.18700134835436139,0
0.269785161413557,0
0.07021211128237588,0
0.03912554579767181,0
0.24471217862612346,0
0.09731051945246234,0
0.03243232668749,0
0.13855249712974116,0
2.643573368994848e-05,0
0.016034251747118117,0
0.016034251747118117,0
0.13521573828948183,0
0.1885173613237932,0
0.28991897072010414,0
0.028772640342944817,0
0.04070734614363551,0
0.18759177261370247,0
0.3631789238611536,0
0.24725007384698228,0
0.3568601719885619,0
0.1823291566968017,0
0.6244341803797903,0
0.25643168515950004,0
0.013275164103394837,0
0.21309230750332225,0
0.9281024512079235,0
0.047625885795976264,0
0.049114351608604,0
0.028875788625633135,0
0.24546386310274437,0
0.46876936335675534,0
0.07074322669884278,0
0.04913230041783054,0
0.1319143351473535,0
0.13595093769528982,0
0.025682602485628717,0
0.19054075050852404,0
0.10239799812390732,0
0.024926471196718186,0
0.11483154784415754,0
0.9962756431702612,0
0.09050877666895983,0
0.32692991562068646,0
0.01215137414550125,0
0.24494278938016906,0
0.2844616938772339,0
0.012876152882910724,0
0.021160937516528127,0
0.16402791597608235,0
0.16439102433004843,0
0.41940151354259875,0
0.018158896750531284,0
0.14995672092623083,0
0.012039319259648192,0
0.017035056480156255,0
0.0113146942173031,0
0.00983069253527358,0
0.22277605933773767,0
0.015994866703181267,0
0.0013496101098802852,0
0.002202268719468215,0
0.0007631197538395552,0
0.12505720733526807,0
0.03434316937943298,0
0.031419700229297465,0
0.15739056323456083,0
0.3799078779110846,0
0.1748971140546533,0
0.15973782369019401,0
0.6070038177710112,0
0.10124898393444283,0
0.00860902000229195,0
0.2579833515033903,0
0.24770172148652805,0
0.03567101580407795,0
0.02542672354285876,0
0.09317855292523328,0
0.09300976736826466,0
0.24973747423648163,0
0.003603606008456162,0
0.2455470534309352,0
0.2761005611718731,0
0.024889672559341252,0
0.25858312170738723,0
0.6631861664022601,0
0.06662167791792153,0
0.17491092849949325,0
0.1638227492792831,0
0.43051243935054495,0
0.14674955642093013,0
0.00836877672418412,0
0.1059127069046136,0
0.06339811778317916,0
0.1626548639454847,0
0.16570001577661223,0
0.05659804871088712,0
0.16424187196412376,0
0.09256345570430684,0
0.04399514782709732,0
0.34510375459178066,0
0.08589899247380002,0
0.0009287499786983022,0
0.03184565186269242,0
0.03972180073014788,0
0.06915747530313839,0
0.15237328614407258,0
0.3222842231704103,0
0.04704069332617615,0
0.019992255480873113,0
0.058751506473105564,0
0.16279121124855614,0
0.02346157138413745,0
0.03900600600076593,0
0.018158896750531284,0
0.0001162042654541194,0
0.012338970691877383,0
0.227404756955559,0
0.21629428544870394,0
0.15251884703429303,0
0.02644156038293215,0
0.03411198485256288,0
0.002410912310933315,0
0.0458104578074446,0
0.00381364746092161,0
0.03366158446121296,0
0.11028677624228443,0
0.012078193859862656,0
0.10241684961326218,0
0.25623065211861645,0
0.33288000564079917,0
0.1421562006582313,0
0.2727020491919227,0
0.008409441969947763,0
0.22070201823435476,0
0.001672931324661868,0
0.09924724228781236,0
0.0534244370244568,0
0.05592574679595612,0
0.1819196186714147,0
0.4823655204340044,0
0.11246352493362727,0
0.32276434718858227,0
0.13374889867205594,0
0.05457516776172292,0
0.19556095506236715,0
0.09449686533675426,0
0.04147678331645295,0
0.11780477016376827,0
0.10059949613732627,0
0.017699814455983544,0
0.0692962954864615,0
0.3481003423536263,0
0.0943127722823054,0
0.3787116273145257,0
0.2800020422246569,0
0.11449685172706371,0
0.05447233304140402,0
0.16292765060726067,0
0.19872483423259946,0
0.16824740380989792,0
0.384588041635036,0
0.09541670169997724,0
0.8281331303185819,0
0.11405432167553171,0
0.08340538072456699,0
0.38156107896796987,0
0.015894434908156493,0
0.016248996864598624,0
0.06345775283102069,0
0.14156733174470396,0
0.03650788946791952,0
0.053116018269692554,0
0.04472848616664623,0
0.0002392240396579921,0
0.054619658796362464,0
0.05457516776172292,0
0.1628594194193987,0
0.06345775283102069,0
0.06473489399486912,0
0.3507363696941484,0
0.005018766716620408,0
0.6261640051416476,0
0.1638252057299987,0
0.22787299104214925,0
0.1402588459275642,0
0.1272842752110193,0
0.11257444053927729,0
0.0002696722806955162,0
0.05424845783051289,0
0.0006880450634806185,0
0.2063698323126454,0
0.14141195548851043,0
0.10969599274446111,0
0.00979321281373324,0
0.12405699834609327,0
0.2765522414500049,0
0.5635815273954662,0
0.3781125819914616,0
0.028601808238295282,0
0.018397368439753786,0
0.08469315169299088,0
0.16154051114715556,0
0.09260986298148313,0
0.060826282766479875,0
0.01830506122975149,0
0.022422522124705215,0
0.029836218106416755,0
0.9849558186421309,0
0.9849558186421309,0
0.9963699575988848,0
0.2759369335941102,0
0.05847535939798547,0
0.17197617398974768,0
0.1558206878301122,0
0.0059414675069679014,0
0.18445005610361634,0
0.04226702109621341,0
0.23020282080981538,0
0.3720163386231178,0
0.4269969686614509,0
0.06559864398542468,0
0.10161102890124024,0
0.19000895862912145,0
0.08062348231068854,0
0.24344895810155856,0
0.10660406370847385,0
0.0033674385399164865,0
0.20584758703357325,0
0.27164823106686636,0
0.24986967749430297,0
0.001015506414170382,0
0.029136815182371958,0
0.2329639427541539,0
0.18721000227719753,0
0.07659563216958258,0
0.15858705667094236,0
0.09401989315994266,0
0.09401989315994266,0
0.032645200239776025,0
0.11685442404284485,0
0.07238549201936288,0
0.1930053063994529,0
0.7809819894565452,0
0.13943954711170536,0
0.08537929917865861,0
0.13001082546132428,0
0.0014745620771598733,0
0.011365067487593373,0
0.35715058235896213,0
0.1309515048546607,0
0.18395982066901706,0
0.04581098425043076,0
0.3765558455599326,0
0.10674494567527716,0
0.08411547636678496,0
0.004704517790417431,0
0.09252745608481089,0
0.04694215628372585,0
0.17897745085195788,0
0.03958176283783623,0
0.06804555493780919,0
0.022349727416460425,0
0.19995051250181003,0
0.16164601359311723,0
0.22919790011300425,0
0.02379661365489889,0
0.0471466014620945,0
0.313516001413371,0
0.05266942130557345,0
0.03528528849690146,0
0.11554453739836233,0
0.20052438117503701,0
0.014537480107805251,0
0.9444862432225072,0
0.1073434875508663,0
0.0013185448293174334,0
0.05278579755700098,0
0.052098307298492005,0
0.16866475682493845,0
0.01454142324657562,0
0.0425647914271319,0
0.01624379905281053,0
0.09465656769065649,0
0.05428962898366996,0
0.034013185251344995,0
0.015834572432483693,0
0.26611926224399146,0
0.20076618971023855,0
0.15854749975375274,0
0.020809383722831507,0
0.10645244941532485,0
0.17284312142600042,0
0.07254770969170406,0
0.15243462050012432,0
0.005569990017882226,0
0.3105827547479394,0
0.32072069626602123,0
0.058097855611221536,0
0.305509438608093,0
0.0015252356568783401,0
0.022980497338337024,0
0.0001785455319315037,0
0.015867436815531523,0
0.021895821181492445,0
0.22353692935714017,0
0.12076784361005863,0
0.0915367074112844,0
0.016294753907688364,0
0.13678291416143568,0
0.10244037006756548,0
0.019705239003179147,0
0.1407284405755941,0
0.016748493730016575,0
0.11625739261971067,0
0.26062780762366794,0
0.047697969633680594,0
0.19145633386612457,0
0.16113721540218037,0
0.5790866766016223,0
0.01753838907171014,0
0.35465383213044527,0
0.007832636878863637,0
0.10827894737173563,0
0.009474337603013062,0
0.2179618000316677,0
0.2882748293837031,0
0.35508007102572364,0
0.11572545150742715,0
0.023725024881936577,0
0.0032628896941367938,0
0.04064609151693226,0
0.14310285431301373,0
0.023679584239415994,0
0.16420533607993573,0
0.3895844266093021,0
0.09450831564804325,0
0.03534973033357522,0
0.1478498145128235,0
0.10108815546836483,0
0.33674771260384806,0
0.2066886175645435,0
0.2143022687169221,0
0.2108825100311948,0
0.028772640342944817,0
0.10506357370524866,0
0.07109853741163727,0
0.09554509410356736,0
0.1088427604988407,0
0.312530411412081,0
0.27399467661508475,0
0.3420398748682674,0
0.06988894196283742,0
0.004799964685803166,0
0.18320003201766089,0
0.006690271709697345,0
0.0708040656841611,0
0.06410561296598126,0
0.08676467540251369,0
0.1340083040821746,0
0.033523347632595187,0
0.13877955247444568,0
0.01591533380279074,0
0.02804209231956053,0
0.04848686938648692,0
0.9920204088902713,0
0.4501538420765131,0
0.12606489724729386,0
0.9793345714787424,0
0.13711299377227687,0
0.02627454207243634,0
0.0482421233538177,0
0.03983331986422923,0
0.1666708015501635,0
0.034087484981854994,0
0.19952016701858263,0
0.1944224426845868,0
0.14621217231656566,0
0.1944224426845868,0
0.16666611242275833,0
0.1944224426845868,0
0.013182979801562744,0
0.11878511586028327,0
0.22056752891768938,0
0.4320735113467572,0
0.0025524102489685677,0
0.033772120363215724,0
0.6261640051416476,0
0.005018766716620408,0
0.6261640051416476,0
0.1638252057299987,0
0.22787299104214925,0
0.1402588459275642,0
0.1272842752110193,0
0.5635815273954662,0
0.019790285170715433,0
0.03167668391810516,0
0.004496797787924821,0
0.0031855988375190775,0
0.30400271153930997,0
0.18167291557119908,0
0.352527652634975,0
0.012241568361889051,0
0.09257759361527391,0
0.8656054386945152,0
0.17662785452688506,0
0.07937929882139923,0
0.011111946533607583,0
0.054951199294446425,0
0.24545672943998345,0
0.15589784791979325,0
0.0964773469547727,0
0.610614316222118,0
0.12346603496883422,0
0.7173530207141239,0
0.6456231104503515,0
0.15020677136781918,0
0.0830087633537016,0
0.1462739945349706,0
0.2185943879913818,0
0.07518981849162824,0
0.04691270706957174,0
0.13770909726229755,0
0.0005744661991548849,0
0.13693790967767977,0
0.039295252536637716,0
0.10082746625270651,0
0.22784943222946635,0
0.041288167942283883,0
0.7616933821055658,0
0.3696450539516469,0
0.028772640342944817,0
0.043180205332662,0
0.0761329276636256,0
0.15298333312543982,0
0.37065844281515953,0
0.21029372721364833,0
0.07466626736726169,0
0.33623468435057174,0
0.008519519317765612,0
0.9996512660013732,0
0.1684093107152518,0
0.3205213646369557,0
0.39011401766058995,0
0.2770256039312923,0
5.325954827357751e-05,0
0.058887427591277616,0
0.1158506963043137,0
0.08496986290239804,0
0.38382706535308936,0
0.46031940951965405,0
0.3086202081378828,0
0.1849617186703574,0
0.42570742392104366,0
0.15078879799606756,0
4.060437183640065e-05,0
0.15720206167732104,0
0.08551850187075735,0
0.022149317499939987,0
0.27013835871363556,0
0.21266832978880032,0
0.018397368439753786,0
0.1216392478273087,0
0.12913925761894265,0
0.08304536193114383,0
0.015051731375738,0
0.015460506288085943,0
0.002343348171951896,0
0.12299646230960495,0
0.13327341876021567,0
0.4587250769890376,0
0.0783274614867241,0
0.028772640342944817,0
0.1024828481428626,0
0.1105488471809041,0
0.0016004593899697304,0
0.13955539713488596,0
0.20624637716559807,0
9.045626095445629e-05,0
0.18725588495973045,0
0.18704704178735004,0
0.4295895104209976,0
0.1424003639481203,0
0.20240454004352057,0
0.6261640051416476,0
0.015391102829247641,0
0.07636438818015351,0
0.11421892803398702,0
0.20285906154078706,0
0.11710888030131668,0
0.5191170235551974,0
0.3896716498928702,0
0.012445618091224533,0
0.11476480561122991,0
0.0026124256724650834,0
0.03898725388078115,0
0.028758660682645917,0
0.1264276300322639,0
0.02512087930788954,0
0.020809483065909865,0
0.10545807413128883,0
0.04295231398024797,0
0.020753605744515458,0
0.14141811782140254,0
0.05017451503966415,0
0.04518192549848418,0
0.020475937869897765,0
0.14587943642372633,0
0.6851800853119214,0
0.030753700172066106,0
0.050519917824212286,0
0.039728691764423174,0
0.14089832015558384,0
0.15611224214119873,0
0.12188698899081361,0
0.15680599683493013,0
0.11037005898654732,0
0.47913355721803647,0
9.442815532674716e-05,0
0.7352860654819094,0
0.022908809035767825,0
0.14964146439759932,0
0.09728375424525891,0
0.06342480405917936,0
0.015391102829247641,0
0.007377955210111223,0
0.24182193333766427,0
0.05066744804069577,0
0.037690416104012824,0
0.1872743277652312,0
0.10702213665605569,0
0.09399489118238087,0
0.3892205650751663,0
0.006215786246577389,0
9.045626095445629e-05,0
0.0294036373612265,0
0.07988386536856801,0
0.17260939566477307,0
0.31976137834393525,0
0.11407612212881124,0
0.018480535211515273,0
0.0859605447756382,0
0.2792042849097842,0
0.056439397257735245,0
0.001642022067222902,0
0.001640544382149134,0
0.001640544382149134,0
0.6528393787692776,0
0.29846647134776055,0
0.1449623601385223,0
0.11058576531776568,0
0.2497453278332277,0
0.009299822239993474,0
0.008583569444806831,0
0.43610383886179943,0
0.159469232405843,0
0.009655207769098128,0
0.16432669552982246,0
0.16265329445346033,0
0.006271857608169827,0
0.16441796030208558,0
0.03507581128361653,0
0.03533183178170835,0
0.11725645164820045,0
0.008364198616610124,0
0.12469061962896469,0
0.03552198890672178,0
0.19481142062075837,0
0.05354908973224303,0
0.001649945340498752,0
0.1913199561555839,0
0.1963654864916024,0
0.21251044021171644,0
0.09829869603685622,0
0.07267731135470641,0
0.1236737898443354,0
0.019334420279051873,0
0.0010567942803521356,0
0.003824229049905426,0
0.13649882982229158,0
0.08199676179969641,0
0.06514301103732474,0
0.32668415777752813,0
0.13601921025099714,0
0.12200808832109676,0
0.08216101862083333,0
0.25834361796342553,0
0.06097154955901254,0
0.15202097399883094,0
0.10754369453080324,0
0.39179987609707606,0
0.00754769458602629,0
0.612571676493827,0
0.7328278829456276,0
0.0015826896382015556,0
0.20636501401788368,0
0.07044917466964375,0
0.4804545438586098,0
0.17007309377267832,0
0.001639478222553113,0
9.045626095445629e-05,0
0.18142745683703396,0
0.17808079906529095,0
0.07883751401648041,0
0.015061429947943222,0
0.1330559720064509,0
0.0930902150922233,0
0.17776670206827277,0
0.011244296490258345,0
0.4339232039295108,0
0.08739566888861844,0
0.26739167388183865,0
0.8750263787274294,0
0.06022816703026063,0
0.05730568205432354,0
0.15264083646094662,0
0.33832599963819776,0
0.15287880954520833,0
0.18126003121680478,0
0.12094385874663645,0
0.07633597867764576,0
0.25454579463129456,0
0.06537940110043912,0
0.0020269187043815283,0
0.008576990389429004,0
0.18723105108769206,0
9.134389712763032e-05,0
0.04115303744481425,0
0.16576314966692032,0
0.5710479707839426,0
0.13652557586636765,0
0.1608118084616737,0
0.1608118084616737,0
0.1608118084616737,0
0.1608118084616737,0
0.12132178782614521,0
0.1629490086752932,0
0.10424025317030841,0
0.2713356823076144,0
0.08563050593654338,0
0.4053937042906392,0
0.057764507144138826,0
0.3119701469809034,0
0.46551761431432453,0
0.08726327148335877,0
0.00836877672418412,0
0.09348369457983137,0
0.1621776396959431,0
0.03535539673095064,0
0.0755527851676149,0
0.10047853283099774,0
0.0037641335104871953,0
0.007478559761243469,0
0.07610903532526743,0
0.09247546535851944,0
0.16292765060726067,0
0.09921154655011281,0
0.610614316222118,0
0.01733789687442539,0
0.7368672370250259,0
0.11157266966970147,0
0.00611997168815004,0
0.05140394189822829,0
0.05328470212927824,0
0.03898576893680341,0
0.06532201964185504,0
0.10107927425112997,0
0.0009645144165612837,0
0.29589831197002764,0
0.03317192957538963,0
0.16454534760397824,0
0.20662151934522927,0
0.058725973877685474,0
0.07031095713556156,0
0.028962627208701998,0
0.19328652813111286,0
0.08051014026544834,0
0.5946611692997426,0
0.21027307560301434,0
0.12610900415322635,0
0.022988112114382345,0
0.06308390662336966,0
0.013805885340546303,0
0.14657255938769254,0
0.18660229619382254,0
0.1652954547503446,0
0.18406129389551243,0
0.1288410721716038,0
0.00010028995627621364,0
0.16362012426019054,0
0.13533686983939833,0
0.022564753330657654,0
0.4370303279231089,0
0.10219054981841418,0
0.08211872263945462,0
0.17656200819456322,0
0.09935389742314363,0
0.20922222513115302,0
0.03176957580874135,0
0.1371271641452948,0
0.13582028048481093,0
0.05580575114074415,0
0.39783736839557926,0
0.1657325015775835,0
0.1659475559224,0
0.1072199984659513,0
0.6261640051416476,0
0.09149431240002773,0
0.018397368439753786,0
0.19963780664894454,0
0.042886598248784435,0
0.13683095397895267,0
0.14876976293298325,0
0.21316833543321098,0
0.4666006415808811,0
0.04660702570486591,0
0.018480535211515273,0
0.018480535211515273,0
0.018480535211515273,0
0.09341617024123451,0
0.24213742401885616,0
0.06999170207040122,0
0.16779712757885432,0
0.10193328707789787,0
0.11255475175672193,0
0.06244584545090256,0
0.11028817740764152,0
0.13877798282068396,0
0.30201412453826576,0
0.053573191666269865,0
0.08830252388000379,0
0.38049857404554793,0
0.03974366944494412,0
0.7602488777055684,0
0.2209470097700136,0
0.16841460388851173,0
0.15332819762141925,0
0.07544072639814788,0
0.4501538420765131,0
0.08380441198775523,0
0.4584977445572299,0
0.12924600603755398,0
0.7077879791162928,0
0.24661018651203398,0
0.32934657403355205,0
0.3682922014578823,0
0.2576708537140564,0
0.04173733108438382,0
0.15720292882193315,0
0.07840757027051981,0
0.013380188037868952,0
0.013859356825900004,0
0.00017694923954501035,0
0.2932545023556047,0
0.11188225747167477,0
0.15130131612420292,0
0.2686868995290959,0
0.045313245606062105,0
0.026785293356338075,0
0.18214193765781378,0
0.8407205185725019,0
0.2709692777547008,0
0.1422647214523288,0
0.08034891008885765,0
0.18418683990208926,0
0.06112810706326841,0
0.1425769811329043,0
0.1717453558152315,0
0.002174427934612706,0
0.002686041588907712,0
0.4849228168678211,0
0.02690891617794415,0
0.02494879442237362,0
0.18897567813585617,0
0.2493739817503437,0
0.0832792070281969,0
0.19017333888606155,0
0.16576566395047043,0
0.021667361022553053,0
0.04059679548699778,0
0.2726169158330734,0
0.39702060423386903,0
0.0037539619576429707,0
0.3010482368320606,0
0.07480251207987874,0
0.01542401836710102,0
0.08467107002896801,0
0.16518361605758847,0
0.31820836302991773,0
0.002454640406412985,0
0.0009918597100851121,0
0.000991364021139337,0
0.0008421965343408387,0
0.16707108402951487,0
0.032777828874141934,0
0.04532137325370113,0
0.01835784679161676,0
0.2455641157706345,0
0.0022096416304281247,0
0.11966686173496885,0
0.08743677937392108,0
0.15992364758571542,0
0.13655129549918985,0
0.007144782144503204,0
0.13050033714134177,0
0.08160502766023418,0
0.1364132601238112,0
0.02959374007281988,0
0.15813033932298032,0
0.42522373619772036,0
0.06268705360158885,0
0.0026353883329467017,0
0.1930441759627027,0
0.19677930113111206,0
0.28421162317655024,0
0.29396868178573177,0
0.13960137927222474,0
0.0018154754874793973,0
0.1628594194193987,0
0.0018179996467692105,0
0.0411008151280627,0
0.9945059867364346,0
0.8715156294767138,0
0.07389368569609639,0
0.1417506026191546,0
0.17495686592572915,0
0.09985769131574956,0
0.03794935021095401,0
0.002105609773764704,0
0.16448021224678117,0
0.006923118518449308,0
0.3693080004493273,0
0.07486108730200722,0
0.10649550537674525,0
0.012491551288030915,0
0.1841692876708493,0
0.33494683400225406,0
0.09454454958754571,0
0.1626548639454847,0
0.11459782054483303,0
0.026466924314852935,0
0.26876726088504094,0
0.2674901812978195,0
0.1265836088102871,0
0.16280704430541568,0
0.05057752115427934,0
0.5991267072308687,0
0.3515890917432961,0
0.1291486472830073,0
0.2939047690901153,0
0.15654237498755474,0
0.0656891763733333,0
0.31438823151840184,0
0.049858955535862975,0
0.10899476241249442,0
0.05992073752991516,0
0.3643825916879097,0
0.05992073752991516,0
0.07612372067548671,0
0.10878101281241238,0
0.2711083201756666,0
0.6306806128916528,0
0.1422972013119229,0
0.021542474666743017,0
0.13575029471843922,0
0.09719104109188906,0
0.09275525825328026,0
0.27187333325673163,0
0.11518874307296478,0
0.01653661873612001,0
0.04061856813992891,0
0.12980840112298672,0
0.31405627710895473,0
0.17053627812780847,0
0.001980603435793315,0
0.07316806713076594,0
0.0314669550561935,0
0.07885098292824867,0
0.006476623360060891,0
0.0014128142225410551,0
0.04119576994333078,0
0.6360766927579244,0
0.09390468552904978,0
0.09737087470063399,0
0.2885473931371282,0
0.013862776925968393,0
0.01116475912979722,0
0.36315399915353175,0
0.1145916395363533,0
0.07633867753495963,0
0.24204885289147182,0
0.07440712460389576,0
0.03146697514301446,0
0.42740350920359027,0
0.18186902576237432,0
0.0030355468791858297,0
0.0590362226996401,0
0.07494041323313692,0
0.4470601683167658,0
0.003172008103135667,0
0.002085893417046247,0
0.10806762267175785,0
0.1583555460609635,0
0.15588477888679886,0
0.10909474081005475,0
0.26480652222041146,0
0.13153278207292232,0
0.36284195522442914,0
0.2640540373341372,0
0.6261640051416476,0
0.15213791808397925,0
0.25329554870892595,0
0.07569487754999309,0
0.25433885168943426,0
0.17003539959101344,0
0.2870666641038797,0
0.04478356875115609,0
0.05878211750067672,0
0.045545613933886626,0
0.0744250280277109,0
0.013627058419736651,0
0.0009025557157150569,0
0.6707065480635443,0
0.009705887606690758,0
0.009705887606690758,0
0.13503552249822443,0
0.22705329051374704,0
0.17555043050788854,0
0.9455783612656952,0
0.16099519875991877,0
0.03023891305413955,0
0.005675285595924148,0
0.13983222703519652,0
0.16272302609162276,0
0.12718276372358242,0
0.005222184170384818,0
0.41969220233953614,0
0.3663988381876873,0
0.0026353883329467017,0
0.1791020875136589,0
0.3490026410329741,0
0.5748225678439873,0
0.10682622819768099,0
0.04658182254951978,0
0.2767257765681249,0
0.8447835543686723,0
0.20774886317842226,0
0.033663427319805116,0
0.4007932543337306,0
0.0020263543068283676,0
0.0727039597300383,0
0.0530051328333496,0
0.1933405363030177,0
0.16299590481524862,0
0.1412710958935227,0
0.11775125115725286,0
0.1066194990065607,0
0.09353585339968544,0
0.2009461178080672,0
0.3617917076171717,0
0.14707636866177512,0
0.0016515105918564908,0
0.02630540941588006,0
0.0138809970891226,0
0.12791656061659723,0
0.0054535367172479565,0
0.14716296048070457,0
0.33740791350597893,0
0.4501538420765131,0
0.16705000567334985,0
0.23036196819953908,0
0.32213918230255045,0
0.1267746324057413,0
0.19908990880497485,0
0.05455054483078792,0
0.049718974577440615,0
0.06065460005649465,0
0.05563690333885261,0
0.32403723622589753,0
0.19264558117045022,0
0.05364178520266704,0
0.12442216844653563,0
0.058725973877685474,0
0.058725973877685474,0
0.058725973877685474,0
0.020947022783085904,0
0.058725973877685474,0
0.058725973877685474,0
0.05559140292632002,0
0.08552430927636273,0
0.04946292327906844,0
0.09875069121274528,0
0.08404125385266807,0
0.21804390349581573,0
0.1665680683666298,0
0.34287219339495634,0
0.013854667412395487,0
0.058725973877685474,0
0.22871784280648189,0
0.3136953257497084,0
0.08084163072476684,0
0.16541406598111927,0
0.005364041588724451,0
0.12355100090515969,0
0.058725973877685474,0
0.058725973877685474,0
0.263092526476811,0
0.058725973877685474,0
0.16515465410367353,0
0.7200310309281629,0
0.16515465410367353,0
0.058725973877685474,0
0.8615855928989554,0
0.004643919133515628,0
0.015410060705681055,0
0.1310801117647662,0
0.15973782369019401,0
0.24910024630704844,0
0.0783281462600101,0
0.011707244341758875,0
0.06290072947347561,0
0.058725973877685474,0
0.010138782809861331,0
0.058725973877685474,0
0.058725973877685474,0
0.058725973877685474,0
0.058725973877685474,0
0.058725973877685474,0
0.16515465410367353,0
0.16515465410367353,0
0.058725973877685474,0
0.058725973877685474,0
0.058725973877685474,0
0.058725973877685474,0
0.058725973877685474,0
0.058725973877685474,0
0.058725973877685474,0
0.058725973877685474,0
0.058725973877685474,0
0.058725973877685474,0
0.018480535211515273,0
0.058725973877685474,0
0.058725973877685474,0
0.058725973877685474,0
0.058725973877685474,0
0.058725973877685474,0
0.058725973877685474,0
0.058725973877685474,0
0.058725973877685474,0
0.1628594194193987,0
0.16495055066563985,0
0.16527493236420926,0
0.20997584969836985,0
0.018158896750531284,0
0.5959716090506797,0
0.0863186005934626,0
0.10465877073356637,0
0.00014054734411613707,0
0.15097521992523222,0
0.03940317130878332,0
0.11307359784080112,0
0.027834345595566874,0
0.005648090209175049,0
0.17713594191431925,0
0.05987987949510782,0
0.11329526689314297,0
0.0600651538653544,0
0.22650755340692563,0
0.1510365212481983,0
0.8634320026554797,0
2.6178356463785622e-05,0
0.03900600600076593,0
0.0234962290620239,0
0.0001750852306232503,0
0.06813919207824232,0
0.0028046013512906696,0
0.004145211710155932,0
1.7869389590285103e-05,0
0.004152751331848057,0
0.0234962290620239,0
0.2097810966798817,0
2.3146446636705232e-05,0
0.2085271087859621,0
0.12336244576369368,0
0.03184398337299968,0
2.677780084355663e-05,0
0.10935428896458378,0
0.01635135740731666,0
0.172671248513881,0
0.7256207502305666,0
0.11073586504241789,0
0.0919723958156417,0
0.0021855669880034892,0
0.007143709575034618,0
0.19217251912483987,0
0.16292765060726067,0
0.0048641563564469185,0
0.3882154851903304,0
0.9450012429590444,0
0.07568202753369307,0
0.6379720128926474,0
0.1510021728440618,0
0.059719213125845425,0
0.16272302609162276,0
0.10502486500386417,0
0.10502486500386417,0
0.10143414639166703,0
0.022898255215908138,0
0.06747483374622237,0
0.3006969862536195,0
0.8869946831839726,0
0.31577923523396584,0
0.38360586308510475,0
0.3006033110960824,0
0.36827285233769,0
0.18525240776866267,0
0.20110999018033565,0
0.37322028177937716,0
0.42385027020329225,0
0.27643708089064223,0
0.11092628722067151,0
0.16040659304596364,0
0.28019874054726196,0
0.42959940726458834,0
0.1464918909898576,0
0.18247321123659396,0
0.02781579206121058,0
0.014860580336519312,0
0.1721358447934261,0
0.6261640051416476,0
0.05356736543624581,0
0.00286618249122614,0
0.028758660682645917,0
0.004324934386812094,0
0.018397368439753786,0
0.09765783659479232,0
0.1581087529329163,0
0.29975863789007173,0
0.028772640342944817,0
0.16722416404294685,0
0.3319422996409193,0
0.146613758025458,0
0.01928263317327446,0
0.44793559585412723,0
0.011539924128337918,0
0.06862786876988768,0
0.9418498309862107,0
0.01119076811522334,0
0.11966524731280352,0
9.045626095445629e-05,0
0.9999976130689494,0
0.07301253375158571,0
0.058497549061671435,0
0.2637845534538506,0
5.8937920864095564e-05,0
0.00643208501068763,0
0.5074486809786755,0
0.0937118517791561,0
0.0067355166988276515,0
0.05018976560797707,0
0.3329648820065346,0
0.11765576964327418,0
0.4498658490747153,0
0.06911284032109727,0
0.22302012169455795,0
0.1965240110482724,0
0.15435912734302573,0
0.1055066803584417,0
0.10551086281698609,0
0.06380408042400221,0
0.020877079399901747,0
0.10569482945243708,0
0.035517879269504955,0
0.09230063731673971,0
0.40558804533744847,0
0.10422582445316841,0
9.045626095445629e-05,0
0.24326078559849243,0
0.02660824516543116,0
0.9994500027060775,0
0.9994500027060775,0
0.6703496642164725,0
0.04649344515154332,0
0.08030693494889773,0
0.06831862692987008,0
0.031095417295732813,0
0.24174460149654076,0
0.08110517115358346,0
0.14467166619909985,0
0.13949197249947118,0
0.010209084594840136,0
0.18068041910836977,0
0.0029843538010758566,0
0.741491476040483,0
0.11650562466330885,0
0.16774700682922042,0
0.20368032159733016,0
0.12466734124566048,0
0.2687616384715938,0
0.05250452205436923,0
0.09697600003506157,0
0.32048569367590846,0
0.16279121124855614,0
0.5000398672060848,0
0.0009934639654902936,0
0.16389190894118583,0
0.3111246875203411,0
0.0014312421219991925,0
0.12532829498762788,0
0.11476548384604189,0
0.16570001577661223,0
0.4168338054359728,0
0.42989599533230327,0
0.8230324072520168,0
0.44575977180272475,0
0.164004686863793,0
0.9954063166713262,0
0.8639653398965534,0
0.13673414255362157,0
0.20506430918587676,0
0.0027506681478635417,0
0.1572475836729847,0
0.03747131304685736,0
0.0007277093784411643,0
0.007040557527601404,0
0.04546080732927051,0
0.22827999820195236,0
0.12018436965708063,0
0.13847394281884787,0
0.10189712146663381,0
0.42367557771232617,0
0.03107148470649572,0
0.029659804630718944,0
0.4041234289398111,0
0.011562610442821118,0
0.06764433976558534,0
0.24465094213338975,0
0.09098791753574309,0
0.16750548007866797,0
0.1017489588500315,0
0.20701195665262984,0
0.16512790850860054,0
0.07704945163434489,0
0.27161069779720426,0
0.14008898928366453,0
0.18920963651992664,0
0.001671411327899905,0
0.1669340050381195,0
0.0020085462384364506,0
0.004381208040784294,0
0.1628594194193987,0
0.1669340050381195,0
0.03235674122179256,0
0.03980685175156933,0
0.03980685175156933,0
0.03221660665287558,0
0.07658230649766705,0
0.5267216357868754,0
0.060899285634118096,0
0.1449623601385223,0
0.2796390246906953,0
0.19231798474221723,0
0.030524074234331067,0
0.2847163996614353,0
0.1669340050381195,0
0.005036961456650686,0
0.3448871911140669,0
9.045626095445629e-05,0
0.12399616036189332,0
0.003823072426066137,0
0.13923019132324477,0
0.024957401013593564,0
0.2326949615891316,0
0.0028648121802671324,0
0.007372149303748304,0
0.06174558362009971,0
0.8666665245242107,0
0.11637962687999868,0
0.2638342156555937,0
0.2598067110899212,0
0.028772640342944817,0
0.4612749528745387,0
0.13379449560261344,0
0.2708693484115268,0
0.18834790062625653,0
0.2507930420028395,0
0.20747178267471522,0
0.06935359139721059,0
0.21563733895369291,0
0.12126507784957781,0
0.022413107721501704,0
0.01934575664698175,0
0.40810440439614487,0
0.23805567695975724,0
0.003677261030972263,0
0.43046737008808517,0
0.036153256756247205,0
0.19896347034892461,0
0.08921061011883041,0
0.008857033454672442,0
0.06668597889769494,0
0.18695264299292674,0
0.7355190060587321,0
0.04235924694770634,0
0.4494294700012606,0
0.20258534437710538,0
0.4330416696727796,0
0.12454837087124397,0
0.1635109175317864,0
0.26805034950474227,0
0.1635109175317864,0
0.13396734883562472,0
0.08458645107096577,0
0.021086512942479426,0
0.16279121124855614,0
0.2482282096085159,0
0.15022385809711966,0
0.25077652148948953,0
0.1635109175317864,0
0.1635109175317864,0
0.26580637536374974,0
0.14370206883794912,0
0.014478688685709033,0
0.11581435944210083,0
0.11576823047172725,0
0.03799298219419689,0
0.17977447532828253,0
0.0029359318119244904,0
0.1498349677424107,0
0.039392309181514484,0
0.20581068235377292,0
0.4785862214462819,0
0.08947515553560648,0
0.14376063820808033,0
0.4838082358952106,0
0.06345111633390906,0
0.16484460606051218,0
0.0408169330790695,0
0.03495571280428247,0
0.9106952773771306,0
0.20673752864887474,0
0.6261640051416476,0
0.047548723341954174,0
0.060529886818332844,0
0.30588445249626517,0
0.15589954969062342,0
0.2935629838312227,0
0.03261032001159019,0
0.13927680447706095,0
0.006238961531967312,0
0.13742309206562753,0
0.009423297000098549,0
0.28382959690657855,0
0.19924515046134866,0
0.2788828187857364,0
0.24151884373275923,0
0.7135008544517536,0
0.05319324844751057,0
0.03247582304413481,0
0.6570519611502337,0
0.030212078434801632,0
0.2953217469130155,0
0.09856967981934925,0
0.9606940357683416,0
0.024853681265436293,0
0.6482773619074074,0
0.0005028287582652232,0
0.1321794266211631,0
0.062291027095152385,0
0.16948857230351114,0
0.09020999856043255,0
0.058217625405631156,0
0.024985047813954952,0
0.09631242382431458,0
0.16293451144960325,0
8.406358376424675e-05,0
0.010637743370088236,0
0.0020617467285231205,0
1.0333578111220788e-05,0
0.018233664562795907,0
0.023920172098411283,0
0.014610986607007754,0
0.10912025235269572,0
0.01199846867095656,0
0.20103221207774477,0
0.06352734980764137,0
0.007510293589366013,0
0.027502145919194584,0
0.28246721214608284,0
0.16903283831414997,0
0.5242759973494133,0
0.14349213509828895,0
0.39589150941043416,0
0.011536676802265835,0
0.00038734216444505213,0
0.029111434614656644,0
0.05664248584129322,0
0.025344787662367727,0
0.060588265345514494,0
0.032772636068340924,0
0.07400086276162174,0
0.020176560952569027,0
0.1424003639481203,0
0.28359195601385795,0
0.28359195601385795,0
0.01903154641636359,0
0.013331721982450568,0
0.11445399969581682,0
0.3676817081928817,0
0.1530174561185586,0
0.1882059994146732,0
0.18893711832644447,0
0.049209753558864394,0
0.23319163689091052,0
0.4498658490747153,0
0.031314887847768286,0
0.14483533056584705,0
0.640947609666026,0
0.2358196811049161,0
0.10282994663941943,0
0.10282994663941943,0
0.022123311927958016,0
0.32103065293104327,0
0.2837124299534477,0
0.0652902938298252,0
0.025033406098041198,0
0.028772640342944817,0
0.018158896750531284,0
0.024573909749243575,0
0.4908969832290539,0
0.22268482489390004,0
0.3602783662694183,0
0.10154174443200235,0
0.2873261271386786,0
0.11883317909185466,0
0.005559650044291987,0
0.14719466656580502,0
0.04446402341938358,0
0.029656734208828816,0
0.01817392112179534,0
0.01076834326820053,0
0.012402114291606717,0
0.16299590481524862,0
0.058718696593706377,0
0.09428619346359621,0
0.21871806333996985,0
0.23703692058356296,0
0.24494830649842075,0
0.36575249417860717,0
0.34935624039015817,0
0.11509797458074564,0
0.2408584096511911,0
0.03956489102298921,0
0.172831456689923,0
0.16912856718813274,0
0.41326363914436004,0
0.04888833297615581,0
0.20255606125305578,0
0.009413273940581746,0
0.16101839674686472,0
0.005562226021855896,0
0.17489113479811533,0
0.2185610001631523,0
0.3354784109308989,0
0.11675592622261503,0
0.0003024123480782483,0
0.00023418227190154982,0
0.00047237211514605343,0
0.03185451773617054,0
0.25524044260866774,0
0.10305717235532844,0
0.6261640051416476,0
0.03189698210578981,0
0.07270479187882119,0
0.001149982434935735,0
0.3333348562185232,0
0.05963962753400402,0
0.2079609308650502,0
0.13952667126210114,0
0.06540904268108319,0
0.0776018329393424,0
0.16279121124855614,0
0.028772640342944817,0
0.1399479620827911,0
0.048326990196790494,0
0.15413658754036091,0
0.028772640342944817,0
0.028772640342944817,0
0.028772640342944817,0
0.16279121124855614,0
0.028772640342944817,0
0.09185650210111622,0
0.028772640342944817,0
0.028772640342944817,0
0.048350008539392364,0
0.028772640342944817,0
0.028772640342944817,0
0.16292765060726067,0
0.1628594194193987,0
0.028772640342944817,0
0.028772640342944817,0
0.028772640342944817,0
0.028772640342944817,0
0.028772640342944817,0
0.1628594194193987,0
0.13759964210306022,0
0.02878662659737989,0
0.028772640342944817,0
0.1628594194193987,0
0.16769562206163413,0
0.16299590481524862,0
0.16279121124855614,0
0.028772640342944817,0
0.028772640342944817,0
0.16292765060726067,0
0.028993379365500366,0
0.028772640342944817,0
0.007919873720672082,0
0.1640038092567892,0
0.028772640342944817,0
0.014635844695212463,0
0.1657325015775835,0
0.028772640342944817,0
0.1628594194193987,0
0.028772640342944817,0
0.028772640342944817,0
0.028772640342944817,0
0.028772640342944817,0
0.16292765060726067,0
0.028772640342944817,0
0.028772640342944817,0
0.028772640342944817,0
0.028772640342944817,0
0.028772640342944817,0
0.028772640342944817,0
0.028772640342944817,0
0.1640038092567892,0
0.028772640342944817,0
0.0002529980708740296,0
0.16279121124855614,0
6.611366770312826e-05,0
0.03900600600076593,0
0.03898725388078115,0
0.16299590481524862,0
0.028772640342944817,0
0.028772640342944817,0
0.028772640342944817,0
0.028772640342944817,0
0.02878662659737989,0
0.028772640342944817,0
0.028772640342944817,0
0.028772640342944817,0
0.028772640342944817,0
0.028772640342944817,0
0.028772640342944817,0
0.028772640342944817,0
0.028772640342944817,0
0.028772640342944817,0
0.028772640342944817,0
0.028772640342944817,0
0.028772640342944817,0
0.028772640342944817,0
0.028772640342944817,0
0.003851566342446496,0
0.028772640342944817,0
0.028772640342944817,0
0.028772640342944817,0
0.028772640342944817,0
0.028772640342944817,0
0.16279121124855614,0
0.1628594194193987,0
0.16454534760397824,0
0.028772640342944817,0
0.028772640342944817,0
0.028772640342944817,0
0.028772640342944817,0
0.000846831780571008,0
0.001602339740599294,0
0.1567105650145914,0
0.028772640342944817,0
0.1635631482098293,0
0.15931330080970088,0
0.16279121124855614,0
0.05263454421303508,0
0.16279121124855614,0
0.16279121124855614,0
0.1628594194193987,0
0.16279121124855614,0
0.16279121124855614,0
0.1628594194193987,0
0.16279121124855614,0
0.16279121124855614,0
0.16279121124855614,0
0.16467944589185288,0
0.0003305413285773368,0
0.14870732241403067,0
0.2501328611224045,0
0.004725310203664701,0
0.1324111224955304,0
0.21098977552982845,0
0.12056076620770194,0
0.06911284032109727,0
0.009328343678940379,0
0.170034102127582,0
0.20775582554823813,0
0.016380250185840467,0
0.0031825998113875404,0
0.012224517425162715,0
0.052510428906576555,0
0.05701967824964654,0
0.3265934477309499,0
0.25469982161306826,0
0.13058656739685243,0
0.006133318255780516,0
0.2024318997658431,0
0.2249367072592167,0
0.11300985047495955,0
0.0144362055901649,0
0.0659950807739787,0
0.017880803075779234,0
0.10552581732326052,0
0.029966245694327518,0
0.20629559201448902,0
0.3879913862539218,0
0.1628594194193987,0
0.041755871939758306,0
0.10379496140529937,0
0.22742038152694868,0
0.08468202451307152,0
0.011305406531085216,0
7.873993168090366e-05,0
0.42925099871004624,0
0.026653583077128545,0
0.27946215353035936,0
0.04000889325513729,0
0.3215782742400975,0
0.03721614063665346,0
0.06416912067579808,0
0.11142934258131348,0
0.11142934258131348,0
0.08691947978235945,0
0.11603529095277226,0
0.4645959930421903,0
0.0012079860636924336,0
0.1345737410974564,0
0.03202881004938452,0
0.1325661929183097,0
0.1462635701202393,0
0.1450652378580456,0
0.07270523381812179,0
0.13817315029323582,0
0.19711211719404562,0
0.018397368439753786,0
0.036141415681070134,0
0.008635235803896649,0
0.016054241134042743,0
0.1827517504016013,0
0.14061393352147933,0
0.057454759857924025,0
0.1635109175317864,0
0.0499970780004446,0
0.36567719132224025,0
0.18896555844156981,0
0.05715461307990271,0
0.9218503192750775,0
0.14589739780306335,0
0.0037497063422039924,0
0.21584748970463688,0
0.08094014169629457,0
0.6261640051416476,0
0.16279121124855614,0
0.02781710881007892,0
0.018585958274436737,0
0.0805756079277704,0
0.13928858793112964,0
0.04288025962827277,0
0.13465274264165072,0
0.02465015398404682,0
0.8311408318400128,0
0.27393121069926435,0
0.15156020374088633,0
0.04950057600949568,0
0.043761528240295645,0
0.23400266707744885,0
0.08904871730532349,0
0.0004369880332868578,0
0.1480617420638771,0
0.26611380281747943,0
0.1145803048963666,0
0.09415178386271772,0
0.29348764138675465,0
0.13186806687999741,0
0.0048589614088863035,0
0.23263564051825544,0
0.12308369794302257,0
0.3702404177023428,0
0.06997213681927332,0
0.010627081175443188,0
0.15822132596470642,0
0.03870243315698146,0
0.09845656534042208,0
0.26701716681147875,0
0.22761889074936095,0
0.2501455161983959,0
0.12181943329242663,0
0.25928393224861135,0
0.27690149366396705,0
0.28912176618151836,0
0.3883641654976986,0
0.16741362284697278,0
0.15791137211735717,0
0.0708085692308808,0
0.047359615404945564,0
0.27588334808987447,0
0.37723029140417463,0
0.9452950063351716,0
0.0744714097757594,0
0.09922984868998838,0
0.02558118821375914,0
0.1640038092567892,0
0.185921457587383,0
0.002376156647934518,0
0.1785161482189799,0
0.2177350116306215,0
2.4589946781762535e-05,0
0.21237763023634454,0
0.014597674308751524,0
0.2399089896677176,0
0.05125727550155128,0
0.013254746477369461,0
0.06981309884224504,0
0.46126590790398536,0
0.13446877486580008,0
0.07219506716441411,0
0.029638046808704674,0
0.13008957556926323,0
0.1328717980346218,0
0.14608310496480542,0
0.6817680972494103,0
0.9173327084779447,0
0.20001610327768515,0
0.05180804819689994,0
0.09634386696274681,0
0.01512418233221235,0
0.017144929726141157,0
0.09841558603573522,0
0.10457324592434378,0
0.061824815425365505,0
0.0010562720772337784,0
0.004051688734459279,0
0.15585694683836493,0
0.44968333762440477,0
0.1812112525667482,0
0.013005826952492906,0
0.021402333875239942,0
0.22305916983480364,0
0.3916504855385818,0
0.15919837604252723,0
0.002731707592745638,0
0.0017176225921936912,0
0.08827423373983465,0
0.25216592771481977,0
0.04266537187251581,0
0.030558675989356292,0
0.21179302709825287,0
0.07885164908198926,0
0.016118091700157277,0
0.5033521561799907,0
0.11678309433867486,0
0.010790254135026529,0
0.30107374646902973,0
0.8935738770443904,0
0.08620028305340788,0
0.27711867390342987,0
0.037252246914276206,0
0.17909836527031925,0
0.7545819851277354,0
0.038018311623755074,0
0.018408933574632667,0
0.012633945029488275,0
0.18516182063189168,0
0.023979531016805392,0
0.006505952958305236,0
0.004446782531277905,0
0.020870870091629568,0
0.004155023812214929,0
0.16421511711473064,0
0.003130723206627802,0
0.23189170325617642,0
0.32919983401589337,0
0.0334294818411744,0
0.10621351226628505,0
0.17810733432586276,0
0.7458970061408169,0
0.016301108703255598,0
0.02029328039654854,0
0.20608909010351767,0
0.006480902730395878,0
0.16528843003475419,0
0.17296106741998318,0
0.7873576514129509,0
0.2555698678686005,0
0.0807101597235087,0
0.16495055066563985,0
0.16935881848121767,0
0.4118204914833403,0
0.16569847677239077,0
0.19237890971597177,0
0.20838514465752764,0
0.1828943516133938,0
0.6261640051416476,0
0.11712685715542058,0
0.03940043986856088,0
0.19461371936172128,0
0.03770250146287155,0
0.17798040858096767,0
0.9999976130689494,0
0.00836877672418412,0
0.17053061700887773,0
0.048350008539392364,0
0.09836622166389337,0
0.07052412908247323,0
0.15149683902926547,0
0.005230656482918553,0
0.2022540343613121,0
0.014828922568235535,0
0.15453039486054493,0
0.216573579529624,0
0.23037042303703734,0
0.17416004071812108,0
0.18861477217355704,0
0.21476256548810907,0
0.03248454255133831,0
0.09576170000754335,0
0.0197662803611491,0
0.11585911906873814,0
0.3443243768040938,0
0.12440000466761131,0
0.018842212605518147,0
0.15305495779455727,0
0.2853062369375432,0
0.19654910587499363,0
0.15979972969578257,0
0.01294855956834414,0
0.8962078239254821,0
0.13892898181167773,0
0.27161437297164664,0
0.9227046766789483,0
0.532867723389748,0
0.03159622844553118,0
0.12487281654243411,0
0.002942361044552069,0
0.018873704869317044,0
0.04799291221050487,0
0.023900942530121736,0
0.2905326564401185,0
0.15793801732728094,0
0.17486384171473718,0
0.18886355551968248,0
0.16947468662261594,0
0.003184493806187297,0
0.02636243706360108,0
0.09845607687631945,0
0.010755866103446674,0
0.051638168262020015,0
0.27931617368665707,0
0.026202439879964484,0
0.010097700201320406,0
0.15930702073747843,0
0.12442829173193785,0
0.05056334903756447,0
0.03841278862599666,0
0.23645829065794935,0
0.08288518744402266,0
0.12721159749222116,0
0.29953893344270827,0
0.04907757951717371,0
0.5315808316299552,0
0.17578209751337737,0
0.1773258947900976,0
0.18257119865211713,0
0.0338295022164935,0
0.11851569032725287,0
0.4904751459239587,0
0.16335657267496728,0
0.3110674513918773,0
0.0791764424751165,0
0.3706801439625081,0
0.17478428809783603,0
0.18307020006302177,0
0.11518755804243291,0
0.1635109175317864,0
0.1635109175317864,0
0.3822321524083024,0
0.021427051917655367,0
0.21806162547262012,0
0.02359699418612996,0
0.10537158659291301,0
0.11476229861150745,0
0.10305190620962253,0
0.025592779868164158,0
0.4528359190754234,0
0.9670244200056524,0
0.20024536752396746,0
0.001414360728240505,0
0.028772640342944817,0
0.0005652449303756676,0
0.029229956090898405,0
0.00013791843902684827,0
0.2569882093830633,0
0.008858981286831477,0
0.11063145140751146,0
0.12671858161294383,0
0.002731707592745638,0
0.058842014471561704,0
0.10400094591541464,0
0.1885321823132556,0
0.007615136713282614,0
0.11891898168039736,0
0.039270099554723256,0
0.020112576447503486,0
0.12730691443741937,0
0.3210948536926374,0
0.00023105681240822545,0
0.0001748509252591163,0
0.10366255186835932,0
0.056812879939849105,0
0.02856181873194105,0
0.009423230068267474,0
0.04774752831007265,0
0.052783612691709905,0
0.19771430980925953,0
0.10640849545709823,0
0.030760010289969737,0
0.4227825444137571,0
0.025436693170231072,0
0.02060157083896106,0
0.02317311188372954,0
0.08808738929796278,0
0.08204447704758631,0
0.0013127983926570677,0
0.11937735984741252,0
0.015949395636498505,0
0.00018071848244775965,0
0.16913436627969455,0
0.12448590126169058,0
0.2360466220010792,0
0.18704915352332585,0
0.10184486225106398,0
0.009568519150142469,0
0.3108765804047817,0
0.0700932680697178,0
0.18967622335389842,0
0.2789685491483488,0
0.13950923439882026,0
0.2819258513033922,0
0.15490698852727108,0
0.04003734790729032,0
0.1230797735983423,0
0.14621143466996628,0
0.04964859411088671,0
0.2661289178497701,0
0.17788293454391285,0
0.2748133350359371,0
0.16020621354095219,0
0.9434436296640263,0
0.03473030879236781,0
0.25781821417905176,0
0.3084095616361244,0
0.039320740696354446,0
0.07621897700157573,0
0.17596544883325846,0
0.025956204087858183,0
0.22232066511210088,0
0.14208343833921896,0
0.17502759968620146,0
0.11644476239622603,0
0.20349374210426444,0
0.03785373444235756,0
0.04860548863032358,0
0.19275265446378023,0
0.2218104066336697,0
0.004045692514169902,0
0.3017143129999781,0
0.03843412906063209,0
0.547180346821438,0
0.043946450262311566,0
0.005270098552562884,0
0.03614526255528258,0
0.06662966588719522,0
0.11184923162326,0
0.12605631424988922,0
0.20757102324865143,0
0.14948995812022306,0
0.09075625640740996,0
0.20219493020172585,0
0.011508584847003529,0
0.3470364062105979,0
0.039263396772468435,0
0.07431360325102913,0
0.011256065453258447,0
0.06299313008032434,0
0.2237730434127588,0
0.15215628946496024,0
0.11672803363849471,0
0.2842445601845572,0
0.9964163847259113,0
0.1571723852712291,0
0.17555962676774547,0
0.23317523264995713,0
0.17405334148337323,0
0.234123864103428,0
0.04139034960405693,0
0.09118882674164051,0
0.17707708402758277,0
0.36320603398529233,0
0.007649398556035122,0
0.15651742322989873,0
0.09986373880293814,0
0.06459028888414843,0
0.05659643414438364,0
0.08553988292628688,0
0.5677644320872458,0
0.02956181501230865,0
0.022304885649501636,0
0.12385674081766505,0
0.03218886624576081,0
0.169176648043771,0
0.1806040401485235,0
0.05336400833716084,0
0.2506974833819895,0
0.15056303819582614,0
0.36614941690385117,0
0.4475927549770642,0
0.31939710509882613,0
0.1328475864361321,0
0.17209563734166558,0
0.6275400645974406,0
0.6059476353117521,0
0.018952172640286667,0
0.04085338723672212,0
0.20585672934601212,0
0.14678079625750967,0
0.31858050588420717,0
0.5523219910698557,0
0.08385529552790315,0
0.187550231538406,0
0.10242500359240671,0
0.0535580976911485,0
0.011165713217220149,0
0.16292765060726067,0
0.12371944363731349,0
0.2622065750349017,0
0.14490302529228272,0
0.21903218442106845,0
0.04026343407704313,0
0.6581622787128906,0
0.1561459580799751,0
0.16217879306669522,0
0.18447586846256897,0
0.10384186608282028,0
0.2351398275174747,0
0.3383439891567417,0
0.23749300902621762,0
0.1811912063983691,0
0.19138127597347587,0
0.23645863515601895,0
0.19441295496883013,0
0.19893903965263898,0
0.1505386451254667,0
0.19804949271402253,0
0.27336164215438363,0
0.20602449898161154,0
0.34488476097622,0
0.33555925617682525,0
0.25551939423017234,0
0.26373212367029475,0
0.1902570305289871,0
0.2562961066132063,0
0.2506267600142128,0
0.2735670744747282,0
0.17770876396171192,0
0.17415019411308277,0
0.06537536356274622,0
0.11622357345845206,0
0.16927751171483973,0
0.19387373574000763,0
0.20941970799352172,0
0.32967461843810103,0
0.37387005190759187,0
0.25833117471808603,0
0.14853600143935802,0
0.05190985792898674,0
0.0570425931243238,0
0.24925089526159425,0
0.2313207064407714,0
0.19000247953314595,0
0.11266459977644971,0
0.2859116473480623,0
0.4611824590016795,0
0.4650913267373149,0
0.1392350055000563,0
0.9046686088464596,0
0.14557782848469908,0
0.11298111543247513,0
0.2557742749207876,0
0.21146013869728358,0
0.5716956814633626,0
0.1525121769274409,0
0.24301176305389793,0
0.1984183856216058,0
0.055762054857200455,0
0.14166518948060258,0
0.39724453622687295,0
0.42118018326490186,0
0.16381133026040426,0
0.16020893146575146,0
0.08096137980714932,0
0.8345228299005014,0
0.7687507345016453,0
0.7583049841890268,0
0.13329565342950442,0
0.24481451212018937,0
0.3007323427812271,0
0.9081513614981489,0
0.3105470603105524,0
0.27232903012435045,0
0.41038980221143856,0
0.1754996009158567,0
0.20914405715029954,0
0.3924166523898943,0
0.367532847811541,0
0.31628983980123504,0
0.22921320668581338,0
0.3487819471268859,0
0.20933922074678768,0
0.4050440978690574,0
0.26513538089492206,0
0.01075035594357113,0
0.25938861971690486,0
0.010424326856313733,0
0.2149632305126241,0
0.17221869354667682,0
0.2807129604606481,0
0.4775339041977168,0
0.34819514327620765,0
0.2391044335677702,0
0.1440524415392986,0
0.8959031841486266,0
0.7339557779657319,0
0.8443500951566855,0
0.4516376010724804,0
0.21722677989025527,0
0.27930338562292334,0
0.19495861931190286,0
0.36043459919191934,0
0.31681492392674987,0
0.2083442619337406,0
0.49130799620877486,0
0.18438382191729683,0
0.1677159539754429,0
0.20072342100442156,0
0.5383194989400395,0
0.025897103153203593,0
0.16075548621750044,0
0.18130592614744762,0
0.2082456869641737,0
0.2494456102084526,0
0.09052206000293155,0
0.19307551370254378,0
0.09910600098448437,0
0.12148763956405202,0
0.14107282333024151,0
0.1449860811859561,0
0.1887661005445428,0
0.4476774839991169,0
0.14150609483187793,0
0.4013060437052145,0
0.36631031187130564,0
0.3203907832217832,0
0.1090483509595322,0
0.11960752940895847,0
0.15818061170168007,0
0.11897644589736084,0
0.08577144556395123,0
0.17116388973386595,0
0.12097393845755547,0
0.31711417685839743,0
0.05081100291682347,0
0.19536028996631735,0
0.16347016677618498,0
0.4252399162581201,0
0.853139810513371,0
0.8042765963645229,0
0.05686824627756151,0
0.044818991662060687,0
0.22778623504631995,0
0.20174412316650453,0
0.2724435551889035,0
0.19667908793384942,0
0.3393588218715455,0
0.0728913726015615,0
0.2876488912261959,0
0.3312064013875741,0
0.27289808902704954,0
0.5146299820191451,0
0.2411177757734781,0
0.3513097242885191,0
0.025378417479852918,0
0.28602021841957825,0
0.16133976061314118,0
0.18973388267922595,0
0.21043508037548941,0
0.08197500993078422,0
0.03497928999191587,0
0.19930423340577202,0
0.08860158136401304,0
0.16128140801876625,0
0.23263851320528123,0
0.3888569755589612,0
0.32818072500922085,0
0.23371357471614698,0
0.21804233915817828,0
0.999874870510717,0
0.00922106356778114,0
0.8095477348602211,0
0.2062421550570927,0
0.14552538429663775,0
0.30448658165391224,0
0.2590761671731846,0
0.21859773878989858,0
0.4018967077683477,0
0.25861035649107533,0
0.2421036616539922,0
0.16059650152902713,0
0.19958920801746644,0
0.3074908649804717,0
0.06712832588889543,0
0.040121072905007334,0
0.07278248694155871,0
0.4714495969609604,0
0.34684251425767226,0
0.4823247211299583,0
0.11679851152646922,0
0.2162758719581433,0
0.21867885621887878,0
0.26777707993279587,0
0.12791617113959663,0
0.12791617113959663,0
0.4469021992523054,0
0.2767257765681249,0
0.2085628262751928,0
0.20204222946004538,0
0.4763502305995977,0
0.2642707041890894,0
0.16279121124855614,0
0.8701848125536521,0
0.8809989414346989,0
0.008504316307819565,0
0.245281652672953,0
0.0003087699060761186,0
0.26308551528928853,0
0.004509159832772457,0
0.015710170178631716,0
0.518740599658591,0
0.3970841706324832,0
0.1628594194193987,0
0.17859045601602289,0
0.00016893705981533343,0
0.3090773833074148,0
0.21135587346239212,0
0.16279121124855614,0
0.34304728187799227,0
0.15001704303820879,0
0.47371152831212004,0
0.1596028367177374,0
0.3651689365754633,0
0.19110040525497643,0
0.2406347121666514,0
0.18645584133144086,0
0.15981972649095852,0
0.5188307337492467,0
0.08781791702968311,0
0.44179948244370937,0
0.3826004545072184,0
0.3086139875194518,0
0.1304360224590885,0
0.17792802378103684,0
2.776158576888947e-05,0
0.14165771491539272,0
0.9960004478031601,0
0.8574779428197082,0
0.8718824820288367,0
0.008859749475832693,0
0.050193266161393094,0
0.1310105545654724,0
0.39866026850647523,0
0.43398734185420484,0
0.17475327567669177,0
0.40167559933321806,0
0.76134343940471,0
0.11535173955602707,0
0.12461373690762771,0
0.3336940910640542,0
0.37533020866545386,0
0.5194108801998584,0
0.23269232578760463,0
0.2823101003258559,0
0.29061811072662586,0
0.11888895842272909,0
0.11638147305661757,0
0.10040369890884861,0
0.6301697347875236,0
0.22665870207094685,0
0.045735588152029646,0
0.06924710241771721,0
0.30143265170478295,0
0.003951050330757035,0
0.08759631025127333,0
0.13499604685341046,0
0.10301989046642492,0
0.5591026371723915,0
0.11561579493592622,0
0.15662252177704877,0
0.15373731403832144,0
0.06438146318992215,0
0.00011949440896457189,0
0.22237390229126083,0
0.3216194472549775,0
0.36210537154077094,0
0.2324625190978701,0
0.9513166121699083,0
0.4331196031493841,0
0.27497314983438287,0
0.4867102108023562,0
0.28633804953728137,0
0.34294352806944955,0
0.28093392033962133,0
0.39061044807807577,0
0.35438393302190224,0
0.35866637667367135,0
0.3243447478246857,0
0.42215853479837334,0
0.42215853479837334,0
0.14967246801809808,0
0.42215853479837334,0
0.38961090935543674,0
0.22568427227814744,0
0.22922478908308255,0
0.25314189382658436,0
0.26871725819497055,0
0.27204936915121997,0
0.05877524068221334,0
0.15310411746470962,0
0.16758456070661895,0
0.19387703071229773,0
0.2193693067940476,0
0.2015989714047288,0
0.27997520512919444,0
0.03138661973968191,0
0.029934484211823795,0
0.0773126658036526,0
0.10181475409585299,0
0.9968409172077193,0
0.27731911697289446,0
0.5598958831887203,0
0.5201590327140739,0
0.9998980257182978,0
0.4092854131933426,0
0.021782212970992806,0
0.15155339120376723,0
0.030473636256140132,0
0.01240974880239099,0
0.1664856485400211,0
0.24065021233120817,0
0.02881950290957728,0
0.09879232306416366,0
0.16089633474584125,0
0.11553775663063962,0
0.0020755721280219636,0
0.46034959693284333,0
0.24665835496362074,0
0.29429700896873484,0
0.3897324892915242,0
0.3932027104413494,0
0.18615533429262626,0
0.4555194708091672,0
0.3011934192422982,0
0.06776160966409309,0
0.17552217618030289,0
0.24380363845021044,0
0.46616213672885576,0
0.14028146820070447,0
0.3709109908455329,0
0.25038090555461423,0
0.1060843372543504,0
0.07483151410824129,0
0.015983124463452725,0
0.05264178180842987,0
0.07402143508338455,0
0.24265391923368085,0
0.013305533073707293,0
0.03506674148647653,0
0.26119110499150605,0
0.14073027062609478,0
0.2910357485934897,0
0.7106825166225754,0
0.01051433924603116,0
0.05271365408742336,0
0.15828024851479883,0
0.023219337693435666,0
0.17566280521554,0
0.028800756659109722,0
0.05442983590730925,0
0.36910782190421837,0
0.007426692798375372,0
0.2352764909176578,0
0.009836932050607271,0
0.05848724071770427,0
0.16495898533870987,0
0.0001921227041488442,0
0.00048742732820901755,0
0.09145195362266725,0
0.20570245714308874,0
0.14542342043050893,0
0.0006469414905292301,0
0.18771129837148368,0
0.21675262488801342,0
0.22378015377182103,0
0.3030054085541134,0
0.21205045064058092,0
0.21596106414002192,0
0.13845355193927472,0
0.17577664054074807,0
0.3962748688301432,0
0.10204044664358945,0
0.17541543629844356,0
0.1632008055909789,0
0.023219074007748138,0
0.009562700944282063,0
0.1012246398474788,0
0.16299590481524862,0
0.0035448515507743696,0
0.5442911081436987,0
0.2101112194741772,0
0.3481003423536263,0
0.1661775199501751,0
0.03601287375627943,0
0.11805906745061243,0
0.06815387334190537,0
0.1634308083554385,0
0.16531252577681083,0
0.25145253611050983,0
0.16147931397836537,0
0.16420533607993573,0
0.12519452632733982,0
0.010643104735990862,0
0.00025336993688736644,0
0.09449865851023635,0
0.4466458858522967,0
0.07750948790036488,0
0.041193816693939615,0
0.265253774612502,0
0.34213192590017255,0
0.04911634191638452,0
0.13025840543581851,0
0.17719630050084803,0
0.2505750883427612,0
0.3008105288584287,0
0.10947094295661346,0
0.20231261362510064,0
0.22345410468217017,0
0.0339029543483672,0
0.3409044678542396,0
0.26547355834645525,0
0.2632166891999877,0
0.08814071777056308,0
0.19015883597470706,0
0.2753763338369918,0
0.056561026991981074,0
0.10928674225372303,0
0.29656964901619676,0
0.18770682020534515,0
0.4550675073261187,0
0.005552984704214739,0
0.32625506886900985,0
0.16349518124016896,0
0.09665663019362679,0
0.16352807589889148,0
0.05946470164263489,0
0.1416529072533693,0
0.18320243891903826,0
0.03593282074890247,0
0.12195882279144747,0
0.3174572466796761,0
0.09424444806145693,0
0.1757209471571445,0
0.010940856661185933,0
0.0820151628790051,0
0.3290701186554412,0
0.13256666633003172,0
0.2376426423455397,0
0.10388459939243452,0
0.1790871887281587,0
0.15001090117600827,0
