scores,labels
0.547922321,1
0.969331333,1
0.999878057,1
0.713409847,1
0.713427041,1
0.612192459,1
0.728365238,1
0.61848749,1
0.993806889,1
0.812954235,1
0.88095189,1
0.48289547,1
0.541986864,1
0.808578778,1
0.997580703,1
0.933018015,1
0.471679101,1
0.967532871,1
0.664111497,1
0.998948098,1
0.164563412,1
0.842296799,1
0.851312219,1
0.689202433,1
0.236849365,1
0.842227696,1
0.236849365,1
0.995228796,1
0.758572397,1
0.996851574,1
0.409711214,1
0.911187262,1
0.7438004,1
0.839178585,1
0.170084054,1
0.527921637,1
0.84825545,1
0.989227182,1
0.538098524,1
0.624904633,1
0.97816878,1
0.85524184,1
0.853850255,1
0.655879812,1
0.970225176,1
0.962685489,1
0.979856767,1
0.997956388,1
0.999825224,1
0.924797745,1
0.454807018,1
0.999982979,1
0.806243248,1
0.916166494,1
0.999981903,1
0.636281565,1
0.950302155,1
0.454234439,1
0.618871564,1
0.643718889,1
0.588582585,1
0.565936108,1
0.953836551,1
0.861585593,1
0.72711812,1
0.946492457,1
0.963854817,1
0.941297403,1
0.986091635,1
0.960229009,1
0.999999291,1
0.576960802,1
0.601778108,1
0.975029769,1
0.988899257,1
0.999134572,1
0.464864979,1
0.985737649,1
0.884451126,1
0.878431269,1
0.492754437,1
0.899900776,1
0.987360485,1
0.992855444,1
0.215157316,1
0.99514872,1
0.783142813,1
0.820185957,1
0.668014811,1
0.049491257,1
0.999606011,1
0.999832921,1
0.999667943,1
0.999666424,1
0.999934267,1
0.822442652,1
0.692284208,1
0.495143143,1
0.640482154,1
0.924260364,1
0.992809601,1
0.836834761,1
0.120680121,1
0.836834761,1
0.120680121,1
0.836834761,1
0.120680121,1
0.80345659,1
0.120680121,1
0.975924697,1
0.998529267,1
0.319074607,1
0.877226523,1
0.286191886,1
0.985911819,1
0.464412357,1
0.681413653,1
0.681712643,1
0.999999637,1
0.999535319,1
0.681413653,1
0.681712643,1
0.999961389,1
0.718924444,1
0.928322717,1
0.994832241,1
0.664915754,1
0.796097469,1
0.988623485,1
0.990403137,1
0.956026065,1
0.852511518,1
0.500455214,1
0.917229332,1
0.996611323,1
0.826928085,1
0.826928085,1
0.99924769,1
0.769528867,1
0.547488046,1
0.99924769,1
0.967225357,1
0.999961389,1
0.967225357,1
0.957514126,1
0.996634104,1
0.99924769,1
0.736153103,1
0.487228677,1
0.998865514,1
0.887271042,1
0.999592624,1
0.776300765,1
0.520004481,1
0.448422704,1
0.982317002,1
0.999652295,1
0.8422836,1
0.897632601,1
0.948499786,1
0.927374774,1
0.999932403,1
0.729378612,1
0.750711432,1
0.999932403,1
0.938408042,1
0.877958491,1
0.529667967,1
0.726507531,1
0.793289457,1
0.810263347,1
0.804951761,1
0.510754154,1
0.485928287,1
0.985009003,1
0.974658608,1
0.999802378,1
0.762750743,1
0.582406252,1
0.974668093,1
0.96933064,1
0.937800268,1
0.893929621,1
0.780522906,1
0.204911323,1
0.276487975,1
0.677571265,1
0.999984406,1
0.990624122,1
0.938749178,1
0.998533874,1
0.990530417,1
0.729417835,1
0.746689961,1
0.804951761,1
0.348502228,1
0.999713942,1
0.80573447,1
0.999695459,1
0.946286572,1
0.999657475,1
0.920055054,1
0.921188732,1
0.98302895,1
0.997759835,1
0.500390277,1
0.436647902,1
0.970372075,1
0.902671546,1
0.999953818,1
0.93068645,1
0.957930981,1
0.999918289,1
0.999715396,1
0.732590991,1
0.768022765,1
0.591508815,1
0.591508815,1
0.99975185,1
0.99024153,1
0.999932403,1
0.978071938,1
0.890061216,1
0.943652958,1
0.921755388,1
0.92131692,1
0.883519002,1
0.997906655,1
0.47969215,1
0.999978816,1
0.984498672,1
0.502144479,1
0.813154185,1
0.457469641,1
0.999999944,1
0.210960359,1
0.210960359,1
0.845965901,1
0.995331029,1
0.928426167,1
0.503599802,1
0.855814461,1
0.995992905,1
0.988036236,1
0.919657318,1
0.992336384,1
0.995992905,1
0.993781769,1
0.989599181,1
0.985641811,1
0.040689118,1
0.991604849,1
0.899696997,1
0.983548681,1
0.983171602,1
0.937019448,1
0.99210525,1
0.995158357,1
0.953053728,1
0.806533756,1
0.952857256,1
0.985641811,1
0.720963935,1
0.815942505,1
0.779885438,1
0.730805726,1
0.563988912,1
0.793807881,1
0.989999706,1
0.730805726,1
0.730805726,1
0.771576582,1
0.6347541,1
0.999702195,1
0.996650415,1
0.861050912,1
0.989522831,1
0.996650415,1
0.720095371,1
0.996650415,1
0.999940584,1
0.990136545,1
0.802094918,1
0.997824741,1
0.469608932,1
0.989893759,1
0.409441653,1
0.475579661,1
0.979975525,1
0.969655457,1
0.999999975,1
0.993212353,1
0.90316102,1
0.906071366,1
0.293004059,1
0.999055461,1
0.927086506,1
0.98946785,1
0.971769258,1
0.710418916,1
0.995926324,1
0.999007072,1
0.742174787,1
0.99757488,1
0.91993451,1
0.995938195,1
0.437403674,1
0.469598458,1
0.212554262,1
0.822346381,1
0.480628947,1
0.523301662,1
0.990759565,1
0.980193887,1
0.740113909,1
0.31473659,1
0.904964608,1
0.864651965,1
0.715086041,1
0.710339898,1
0.91918297,1
0.21560299,1
0.655441025,1
0.165075881,1
0.21560299,1
0.165075881,1
0.991781602,1
0.999899882,1
0.817614522,1
0.992699235,1
0.410893002,1
0.865503616,1
0.812506162,1
0.742719874,1
0.895509382,1
0.907600159,1
0.992277755,1
0.716701144,1
0.812506162,1
0.684344215,1
0.919770914,1
0.859560048,1
0.812506162,1
0.993504685,1
0.994964794,1
0.999999756,1
0.716701144,1
0.45383681,1
0.992277755,1
0.716701144,1
0.907600159,1
0.054345666,1
0.812506162,1
0.919493205,1
0.980183787,1
0.865503616,1
0.945677396,1
0.999316946,1
0.998768558,1
0.860119245,1
0.570092862,1
0.736068506,1
0.652058255,1
0.919493205,1
0.742623447,1
0.652058255,1
0.846195135,1
0.893795542,1
0.90881005,1
0.45419184,1
0.860119245,1
0.490988632,1
0.999997128,1
0.629298569,1
0.994669095,1
0.206424809,1
0.996096738,1
0.883040537,1
0.8251858,1
0.864651965,1
0.98720827,1
0.884670256,1
0.999903167,1
0.43396406,1
0.987047339,1
0.977797756,1
0.977876554,1
0.986182396,1
0.910631867,1
0.999776564,1
0.850153899,1
0.138504673,1
0.999947378,1
0.934874889,1
0.986197707,1
0.511708878,1
0.882874317,1
0.975588017,1
0.997766032,1
0.499578253,1
0.898087637,1
0.981942383,1
0.453487978,1
0.927497767,1
0.52469691,1
0.910666552,1
0.981360603,1
0.696278041,1
0.959208663,1
0.581963587,1
0.999900734,1
0.682279423,1
0.9381959,1
0.70000052,1
0.995137807,1
0.992694728,1
0.994090587,1
0.976320611,1
0.971663944,1
0.999327195,1
0.999865562,1
0.752798472,1
0.962476639,1
0.837633865,1
0.999864343,1
0.752798472,1
0.955986266,1
0.999470294,1
0.990503556,1
0.881570657,1
0.997841559,1
0.583739088,1
0.997841559,1
0.662408974,1
0.597115352,1
0.988247861,1
0.380374699,1
0.546565555,1
0.480633419,1
0.985740114,1
0.9496302,1
0.972368986,1
0.999975415,1
0.999986361,1
0.310897187,1
0.540905995,1
0.99760603,1
0.760380351,1
0.651813601,1
0.651813601,1
0.734807663,1
0.626138448,1
0.999638647,1
0.995904996,1
0.876138641,1
0.851642878,1
0.794457406,1
0.865867762,1
0.980213116,1
0.986717526,1
0.825363478,1
0.506758629,1
0.67162251,1
0.949157257,1
0.239778354,1
0.999999977,1
0.657499985,1
0.839060914,1
0.268708729,1
0.479650043,1
0.759978699,1
0.313811196,1
0.831854033,1
0.520990833,1
0.9567772,1
0.958143075,1
0.54458792,1
0.958143075,1
0.373220282,1
0.282336981,1
0.969909658,1
0.50785791,1
0.822911652,1
0.997834053,1
0.998472865,1
0.999603626,1
0.998788803,1
0.99720741,1
0.999900734,1
0.997134141,1
0.999853644,1
0.999111372,1
0.998788803,1
0.984513337,1
0.951216025,1
0.65650494,1
0.24795803,1
0.993998503,1
0.984612096,1
0.999112917,1
0.171367391,1
0.964326103,1
0.999999062,1
0.99990091,1
0.482285814,1
0.994289868,1
0.775863169,1
0.975610953,1
0.977160697,1
0.99987099,1
0.993358094,1
0.761871924,1
0.99986152,1
0.999734799,1
0.999997246,1
0.355640751,1
0.942998717,1
0.63046896,1
0.984961144,1
0.365589122,1
0.787712288,1
0.784455179,1
0.999999997,1
0.999279139,1
0.769896935,1
0.999576859,1
0.683212969,1
0.338544246,1
0.683212969,1
0.996854058,1
0.989403706,1
0.999931557,1
0.999950989,1
0.917202823,1
0.974448374,1
0.634468064,1
0.615493643,1
0.828227443,1
0.962631008,1
0.979127988,1
0.94354069,1
0.986312236,1
0.83869081,1
0.791770172,1
0.954293483,1
0.99996336,1
0.338200311,1
0.652036237,1
0.951909511,1
0.8453399,1
0.445952943,1
0.995984152,1
0.997020536,1
0.935809199,1
0.999408137,1
0.995278653,1
0.780028179,1
0.996704385,1
0.985344639,1
0.805178052,1
0.762802268,1
0.973635797,1
0.96341336,1
0.987731538,1
0.995923327,1
0.995921938,1
0.161312502,1
0.967252138,1
0.54796593,1
0.99811758,1
0.964942395,1
0.777574812,1
0.958973961,1
0.916626276,1
0.739424014,1
0.994612506,1
0.994663052,1
0.994561483,1
0.967252138,1
0.515470637,1
0.986340522,1
0.995300346,1
0.76514201,1
0.986045989,1
0.994663052,1
0.867339855,1
0.773203044,1
0.91895138,1
0.176671967,1
0.409637402,1
0.964446547,1
0.990241115,1
0.960913863,1
0.753790256,1
0.661353844,1
0.999915739,1
0.645306535,1
0.975711324,1
0.64443737,1
0.962725633,1
0.999743072,1
0.997381679,1
0.756066922,1
0.990889101,1
0.997347332,1
0.97858699,1
0.887191269,1
0.986430055,1
0.65313583,1
0.766213236,1
0.997936858,1
0.999711148,1
0.999760025,1
0.997936858,1
0.997379688,1
0.909553628,1
0.746407074,1
0.645306535,1
0.780558824,1
0.983975467,1
0.996602065,1
0.793317373,1
0.401324696,1
0.98666975,1
0.825466186,1
0.881430577,1
0.982415378,1
0.214871946,1
0.9999357,1
0.980959388,1
0.992384652,1
0.383158621,1
0.997565751,1
0.405261977,1
0.79449738,1
0.562644761,1
0.995305258,1
0.610369027,1
0.985484444,1
0.999319642,1
0.999708053,1
0.909186048,1
0.999999059,1
0.867297414,1
0.967650572,1
0.999917011,1
0.999994185,1
0.993809867,1
0.726743949,1
0.999987654,1
0.793895749,1
0.921022237,1
0.585491144,1
0.530147213,1
0.996218389,1
0.999567673,1
0.998711169,1
0.952558589,1
0.708275805,1
0.765542308,1
0.951017414,1
0.257298179,1
0.720705365,1
0.999792545,1
0.975248082,1
0.99940851,1
0.405267891,1
0.643414667,1
0.890069443,1
0.988888897,1
0.999905654,1
0.980985893,1
0.999748857,1
0.940420019,1
0.71322351,1
0.973246651,1
0.928654209,1
0.826537633,1
0.991585886,1
0.973305315,1
0.994139811,1
0.284447489,1
0.735585585,1
0.920591428,1
0.985907817,1
0.968634531,1
0.997867098,1
0.992110349,1
0.996514778,1
0.97352908,1
0.865778226,1
0.690747777,1
0.999905654,1
0.931167519,1
0.670614345,1
0.999767108,1
0.993873792,1
0.99992493,1
0.999767108,1
0.980447226,1
0.986281777,1
0.989786239,1
0.631384671,1
0.99953667,1
0.991601876,1
0.999248861,1
0.999989812,1
0.694460254,1
0.989899584,1
0.990820177,1
0.992163153,1
0.997404573,1
0.915223633,1
0.985608976,1
0.999534927,1
0.99201012,1
0.994201369,1
0.988831129,1
0.827628412,1
0.998996496,1
0.998954952,1
0.987130644,1
0.999767108,1
0.999869499,1
0.999870555,1
0.887074428,1
0.999588229,1
0.836281338,1
0.165906587,1
0.986682148,1
0.424557862,1
0.976398601,1
0.985670848,1
0.99698964,1
0.999739042,1
0.857831633,1
0.929766967,1
0.407111169,1
0.997528863,1
0.508810717,1
0.86984019,1
0.600301054,1
0.848822738,1
0.982903011,1
0.525632923,1
0.998626319,1
0.999838413,1
0.275405308,1
0.600393204,1
0.829115816,1
0.995723708,1
0.999999433,1
0.997490971,1
0.987649494,1
0.807396306,1
0.820784177,1
0.852124691,1
0.999946978,1
0.935026808,1
0.487586619,1
0.806222414,1
0.776775568,1
0.522007369,1
0.997578433,1
0.519256145,1
0.984647212,1
0.793694959,1
0.984360273,1
0.792484835,1
0.971521407,1
0.957107489,1
0.898006106,1
0.909277241,1
0.116190724,1
0.795839006,1
0.999999675,1
0.915989502,1
0.924762574,1
0.99969576,1
0.978006495,1
0.969557565,1
0.213219494,1
0.765994469,1
0.756854887,1
0.949557815,1
0.493924168,1
0.741906447,1
0.766439742,1
0.766439742,1
0.964617353,1
0.985877887,1
0.994839935,1
0.900406893,1
0.997781686,1
0.701965288,1
0.819864626,1
0.767854408,1
0.996357428,1
0.903319618,1
0.974330223,1
0.985648408,1
0.84775688,1
0.999903157,1
0.515894351,1
0.943718412,1
0.719553203,1
0.999247772,1
0.664886665,1
0.999705319,1
0.987291283,1
0.999246158,1
0.767854408,1
0.999903157,1
0.834440642,1
0.607828716,1
0.837739765,1
0.99999871,1
0.906564874,1
0.989800016,1
0.986821919,1
0.98536832,1
0.770881434,1
0.908016722,1
0.808991201,1
0.911270865,1
0.999920873,1
0.999994842,1
0.588773475,1
0.997163096,1
0.910067633,1
0.999992949,1
0.769185408,1
0.99986812,1
0.999858257,1
0.999649253,1
0.998123247,1
0.991021573,1
0.996619187,1
0.933450898,1
0.996619187,1
0.958304682,1
0.968854507,1
0.998823648,1
0.622487162,1
0.96664693,1
0.999198552,1
0.999751552,1
0.99799157,1
0.428212451,1
0.999987805,1
0.999977065,1
0.999960416,1
0.22800932,1
0.68224288,1
0.991176042,1
0.684580146,1
0.664157249,1
0.977055656,1
0.34757002,1
0.99850022,1
0.812519488,1
0.683481216,1
0.996605991,1
0.998586831,1
0.975284449,1
0.983856339,1
0.983856339,1
0.662029818,1
0.548595278,1
0.976437472,1
0.814892643,1
0.99899033,1
0.997199608,1
0.673784216,1
0.425685295,1
0.872173315,1
0.257489466,1
0.969127663,1
0.990084336,1
0.985945196,1
0.998135665,1
0.850206848,1
0.891151476,1
0.965852497,1
0.986991838,1
0.985913812,1
0.876092392,1
0.874156462,1
0.999755591,1
0.949151844,1
0.472364483,1
0.740370564,1
0.552568139,1
0.193369598,1
0.996535419,1
0.621651408,1
0.998869607,1
0.264866763,1
0.97304689,1
0.869826584,1
0.869826584,1
0.998869236,1
0.962584094,1
0.960937111,1
0.999994358,1
0.998035251,1
0.85067545,1
0.801011475,1
0.974750195,1
0.979810598,1
0.999363809,1
0.9489474,1
0.52970435,1
0.869826584,1
0.999353521,1
0.999818947,1
0.999997569,1
0.922622026,1
0.984189154,1
0.663347985,1
0.929942705,1
0.929942705,1
0.992225158,1
0.99504233,1
0.99583007,1
0.94939608,1
0.957995946,1
0.98862013,1
0.99583007,1
0.847790903,1
0.9960816,1
0.998300776,1
0.846711741,1
0.992269776,1
0.516903331,1
0.99817944,1
0.890702741,1
0.47190685,1
0.640828313,1
0.637531936,1
0.918935246,1
0.927195169,1
0.995565633,1
0.995560543,1
0.998957633,1
0.206003527,1
0.199444312,1
0.969706386,1
0.206003527,1
0.199444312,1
0.989680137,1
0.911642811,1
0.9999053,1
0.99089381,1
0.990219369,1
0.990766166,1
0.990219369,1
0.80530666,1
0.92825393,1
0.962735812,1
0.971925707,1
0.999409086,1
0.864757559,1
0.860926872,1
0.462462925,1
0.465409799,1
0.819727727,1
0.958239636,1
0.819664749,1
0.979313747,1
0.655150736,1
0.82771808,1
0.655150736,1
0.994913927,1
0.999904505,1
0.999408582,1
0.993141547,1
0.975301615,1
0.999937141,1
0.995323655,1
0.999353521,1
0.622141169,1
0.722989569,1
0.981539307,1
0.871361132,1
0.992545566,1
0.997175722,1
0.986317749,1
0.986539047,1
0.995550084,1
0.701089553,1
0.999767099,1
0.832287357,1
0.727553126,1
0.700131152,1
0.998952067,1
0.998952067,1
0.998952067,1
0.631760577,1
0.988402604,1
0.990758349,1
0.991469365,1
0.999470999,1
0.999162846,1
0.870891463,1
0.870891463,1
0.758335065,1
0.998948368,1
0.990803707,1
0.999974164,1
0.999974159,1
0.893393684,1
0.886457855,1
0.991946095,1
0.999153985,1
0.990803707,1
0.767663485,1
0.37692512,1
0.837279084,1
0.20961718,1
0.639797746,1
0.438391081,1
0.998962478,1
0.905695134,1
0.999956393,1
0.999767108,1
0.669103844,1
0.973630915,1
0.793443985,1
0.998968277,1
0.912485433,1
0.912485433,1
0.999906227,1
0.974987061,1
0.676110427,1
0.942854906,1
0.97688563,1
0.999965316,1
0.755090312,1
0.472098281,1
0.981228784,1
0.998863869,1
0.994216636,1
0.586503621,1
0.96313321,1
0.89898233,1
0.996373983,1
0.99299768,1
0.995342878,1
0.870891463,1
0.99573431,1
0.638716424,1
0.838624191,1
0.941992155,1
0.980028425,1
0.231199783,1
0.93087018,1
0.960707905,1
0.992775614,1
0.999922297,1
0.870891463,1
0.453264909,1
0.817154469,1
0.935121624,1
0.722068168,1
0.994146395,1
0.993086705,1
0.676885798,1
0.994198189,1
0.995747982,1
0.94020544,1
0.971260261,1
0.835471525,1
0.753056126,1
0.995714904,1
0.995717965,1
0.919318674,1
0.979311359,1
0.997307744,1
0.995125854,1
0.890194279,1
0.856925435,1
0.760305699,1
0.801993172,1
0.919628433,1
0.919628433,1
0.974934223,1
0.999156165,1
0.930845461,1
0.946469424,1
0.868395898,1
0.94760984,1
0.846415429,1
0.846415429,1
0.969552844,1
0.988253509,1
0.980503141,1
0.969905179,1
0.999940545,1
0.999954682,1
0.464532305,1
0.902494335,1
0.999723633,1
0.959565016,1
0.997811866,1
0.909744831,1
0.9997285,1
0.999999996,1
0.999296598,1
0.477245885,1
0.316868025,1
0.999761762,1
0.756618807,1
0.740370564,1
0.990976033,1
0.75592429,1
0.99997158,1
0.897205558,1
0.878553303,1
0.877087809,1
0.834177174,1
0.99982806,1
0.99997158,1
0.878503595,1
0.878503595,1
0.996850563,1
0.764025676,1
0.716229379,1
0.895475375,1
0.895475375,1
0.937889062,1
0.892721845,1
0.895341528,1
0.988253509,1
0.478587114,1
0.89245534,1
0.941468902,1
0.805493463,1
0.809036764,1
0.99983069,1
0.978993141,1
0.805493463,1
0.99826027,1
0.616607234,1
0.996703769,1
0.388750459,1
0.341240182,1
0.999186398,1
0.833325182,1
0.999924095,1
0.953899753,1
0.833325182,1
0.80668167,1
0.857264506,1
0.98651284,1
1,1
0.922424449,1
1,1
0.433679395,1
0.999989312,1
0.817813189,1
0.999864469,1
0.983487105,1
0.99979919,1
0.930845461,1
0.998538401,1
0.998538463,1
0.996609785,1
0.992142348,1
0.934789195,1
0.991978453,1
0.999833891,1
0.688207625,1
0.94486108,1
0.945020936,1
0.945060832,1
0.785065848,1
0.979250113,1
0.430305747,1
0.804637411,1
0.933664696,1
0.999976554,1
0.997061651,1
0.870522174,1
0.974339134,1
0.512371208,1
0.999942525,1
0.91423709,1
0.722362787,1
0.496786678,1
0.999202662,1
0.987928493,1
0.572598001,1
0.954139183,1
0.572598001,1
0.901776694,1
0.94032598,1
0.533767889,1
0.605078065,1
0.605078065,1
0.999653146,1
0.966778276,1
0.999767108,1
0.999942325,1
0.999197276,1
0.472464583,1
0.569472308,1
0.720165726,1
0.999865773,1
0.490149131,1
0.996838314,1
0.999998078,1
0.550036605,1
0.810821023,1
0.968662118,1
0.956045983,1
0.962032875,1
0.993898467,1
0.999706063,1
0.41324547,1
0.977304171,1
0.977304171,1
0.977304171,1
0.237941731,1
0.996191898,1
0.597052403,1
0.999867444,1
0.573326421,1
0.998968534,1
0.999783753,1
0.573326421,1
0.473114962,1
0.513519323,1
0.364981859,1
0.815500823,1
0.383291632,1
0.987319178,1
0.966261038,1
0.998655328,1
0.640207912,1
0.872815765,1
0.960929317,1
0.960929317,1
0.909099518,1
0.963611858,1
0.984434279,1
0.427229417,1
0.981057304,1
0.999444283,1
0.909538176,1
0.964821725,1
0.909538176,1
0.999996581,1
0.985720115,1
0.983385019,1
0.923899687,1
0.925213978,1
0.939762027,1
0.983734481,1
0.937926697,1
0.999275538,1
0.91147528,1
0.999275538,1
0.999275538,1
0.999276387,1
0.366910819,1
0.999767108,1
0.998506616,1
0.999767108,1
0.971731292,1
0.695745059,1
0.999946928,1
0.971493705,1
0.970180533,1
0.356578273,1
0.999091715,1
0.972358111,1
0.933134912,1
0.934152813,1
0.999559287,1
0.999667691,1
0.251600241,1
0.960868211,1
0.971493705,1
0.458349695,1
0.999709702,1
0.977827874,1
0.339957794,1
0.999204501,1
0.989963519,1
0.392880161,1
0.944278558,1
0.470909035,1
0.999999918,1
0.524961642,1
0.932450757,1
0.949471769,1
0.968343999,1
0.697048189,1
0.997403458,1
0.940225047,1
0.940227411,1
0.976671241,1
0.999856715,1
0.991631086,1
0.124185958,1
0.999225922,1
0.872952591,1
0.805041027,1
0.979353229,1
0.962972921,1
0.993691099,1
0.494232413,1
0.998252172,1
0.998303545,1
0.992069408,1
0.531316561,1
0.777555644,1
0.93331358,1
0.876936457,1
0.994818631,1
0.795242923,1
0.929161891,1
0.783954628,1
0.806487223,1
0.996959306,1
0.202560746,1
0.752622944,1
0.990159829,1
0.886651241,1
0.598272738,1
0.992827878,1
0.598272738,1
0.992827878,1
0.598272738,1
0.992827878,1
0.828700863,1
0.999786143,1
0.999040615,1
0.915049601,1
0.967893163,1
0.812679421,1
0.550171429,1
0.645732208,1
0.770881434,1
0.98011099,1
0.98011099,1
0.632478857,1
0.839158711,1
0.768549202,1
0.887391613,1
0.186372195,1
0.99986812,1
0.999308929,1
0.994452126,1
0.99378983,1
0.998823648,1
0.998871244,1
0.995184289,1
0.998823648,1
0.999902288,1
0.999074906,1
0.52080645,1
0.998839335,1
0.760280483,1
0.439498028,1
0.997693514,1
0.997701502,1
0.999856948,1
0.99573298,1
0.998491631,1
0.961492654,1
0.977789017,1
0.870798004,1
0.997974144,1
0.996066709,1
0.704465853,1
0.998876826,1
0.915549682,1
0.932246133,1
0.734527987,1
0.949843186,1
0.294289525,1
0.959710758,1
0.522748707,1
0.995946159,1
0.972409363,1
0.999351792,1
0.870990561,1
0.848699676,1
0.528404127,1
0.988328879,1
0.899524803,1
0.61770307,1
0.977253865,1
0.652344007,1
0.704267441,1
0.89860034,1
0.996550093,1
0.514425628,1
0.990587357,1
0.997623135,1
0.999992259,1
0.548247598,1
0.999183022,1
0.9822119,1
0.749242529,1
0.998205194,1
0.898060434,1
0.853516647,1
0.999876359,1
0.956683616,1
0.622379256,1
0.530735946,1
0.446088107,1
0.456294313,1
0.308134702,1
0.999765953,1
0.935282954,1
0.686087713,1
0.949498244,1
0.999564717,1
0.80418038,1
0.999902288,1
0.75211563,1
0.981607333,1
0.999860619,1
0.994919477,1
0.999074906,1
0.50011027,1
0.900581531,1
0.96939055,1
0.84919823,1
0.560248203,1
0.996962931,1
0.937711062,1
0.732299999,1
0.986580811,1
0.999999897,1
0.670691068,1
0.94409344,1
0.997944454,1
0.904084487,1
0.978384154,1
0.987365272,1
0.969064279,1
0.260456095,1
0.996214306,1
0.996738229,1
0.671788531,1
0.987218315,1
0.74202297,1
0.998501024,1
0.760043527,1
0.594404443,1
0.814853846,1
0.602693692,1
0.994489389,1
0.714216134,1
0.999088454,1
0.996092062,1
0.881343998,1
0.455482983,1
0.629014967,1
0.996790912,1
0.994547665,1
0.917941834,1
0.721015714,1
0.811546739,1
0.982081985,1
0.986836408,1
0.967666989,1
0.934574405,1
0.711819417,1
0.942466256,1
0.999776059,1
0.987499581,1
0.900774229,1
0.232246398,1
0.992475494,1
0.985609939,1
0.914584487,1
0.655160236,1
0.904886566,1
0.223490617,1
0.974457979,1
0.984440545,1
0.864534748,1
0.999216473,1
0.972055311,1
0.987469619,1
0.700131152,1
0.983121772,1
0.821854802,1
0.909733436,1
0.994717948,1
0.985120569,1
0.934419659,1
0.999400415,1
0.965533271,1
0.999522927,1
0.999274333,1
0.973757746,1
0.655749132,1
0.483322331,1
0.997537712,1
0.253977185,1
0.862639228,1
0.863499098,1
0.996372595,1
0.995335715,1
0.276572145,1
0.992947368,1
0.996166711,1
0.925555531,1
0.994519602,1
0.386736644,1
0.354536553,1
0.743382604,1
0.463000023,1
0.77206677,1
0.162937015,1
0.351349827,1
0.984945401,1
0.77206677,1
0.469893746,1
0.41846498,1
0.983410899,1
0.993891354,1
0.995716328,1
0.947075105,1
0.958125785,1
1,1
0.24823614,1
0.965257457,1
0.931827378,1
0.976843976,1
0.931827378,1
0.987674879,1
0.994109481,1
0.259956655,1
0.979648189,1
0.259350073,1
0.999727192,1
0.98605213,1
0.47685439,1
0.971668127,1
0.999982804,1
0.805562185,1
0.968457678,1
0.406163219,1
0.931563175,1
0.788203095,1
0.897763636,1
0.949253787,1
0.998652195,1
0.223311612,1
0.988076305,1
0.80904326,1
0.800813699,1
0.445163165,1
0.99050976,1
0.473323629,1
0.994835335,1
0.283132459,1
0.98384579,1
0.268439836,1
0.851536053,1
0.997556425,1
0.594404443,1
0.999945739,1
0.392919961,1
0.992773375,1
0.956124517,1
0.392919961,1
0.880272121,1
0.999962768,1
0.671615402,1
0.999719474,1
0.544160825,1
0.72163128,1
0.832952795,1
0.982303295,1
0.99050976,1
0.222571463,1
0.439498028,1
0.98735505,1
0.684165424,1
0.9996219,1
0.50281073,1
0.990678237,1
0.999786436,1
0.999960359,1
0.99886827,1
0.850893222,1
0.994764615,1
0.988560138,1
0.92790333,1
0.594404443,1
0.998216036,1
0.927902196,1
0.91407097,1
0.90586269,1
0.969001057,1
0.999962768,1
0.992039922,1
0.929014846,1
0.999961698,1
0.970576936,1
0.979662481,1
0.736687023,1
0.999962768,1
0.998266417,1
0.998267081,1
0.293031878,1
0.232548136,1
0.479929139,1
0.151208609,1
0.999975071,1
0.999960359,1
0.99227475,1
0.177501549,1
0.895447658,1
0.178577647,1
0.986741816,1
0.739591057,1
0.996342814,1
0.994107232,1
0.917234388,1
0.980673578,1
0.999999156,1
0.95859605,1
0.797655426,1
0.439300704,1
0.872500381,1
0.171309768,1
0.181833491,1
0.184381787,1
0.985643837,1
0.994109481,1
0.886992844,1
0.186971542,1
0.967363048,1
0.95134871,1
0.979091754,1
0.284306471,1
0.083660392,1
0.979091754,1
0.974502359,1
0.17927057,1
0.998757587,1
0.99227475,1
0.999144641,1
0.997260736,1
0.29144117,1
0.998495271,1
0.942466256,1
0.955712687,1
0.046207283,1
0.996122709,1
0.999999996,1
0.776566375,1
0.9942839,1
0.141515654,1
0.965022717,1
0.967666989,1
0.835214385,1
0.969824138,1
0.888646522,1
0.923120622,1
0.924673055,1
0.790761219,1
0.968800799,1
0.998380878,1
0.297025597,1
0.094918301,1
0.926755582,1
0.149674687,1
0.970946185,1
0.990744111,1
0.198040106,1
0.992715152,1
0.992468238,1
0.453736089,1
0.992475494,1
0.996164243,1
0.45516229,1
0.051012847,1
0.552309572,1
0.999361244,1
0.135377079,1
0.999074994,1
0.998792329,1
0.97884753,1
0.720983207,1
0.037954211,1
0.621586144,1
0.72319566,1
0.825220649,1
0.802108634,1
0.163064182,1
0.974405434,1
0.993047014,1
0.973473988,1
0.97884753,1
0.205358398,1
0.851690611,1
0.999994571,1
0.993054159,1
0.167471715,1
0.110859203,1
0.275881739,1
0.999144947,1
0.987095586,1
0.144080482,1
0.923297353,1
0.985905777,1
0.218327941,1
0.995041762,1
0.971710243,1
0.973795244,1
0.151386757,1
0.144181975,1
0.259092394,1
0.978042882,1
0.974661123,1
0.682167574,1
0.92593739,1
0.994711841,1
0.538191097,1
0.961764783,1
0.889331543,1
0.997363942,1
0.244210472,1
0.767447272,1
0.252049537,1
0.775898846,1
0.99309177,1
0.968800799,1
0.723000705,1
0.878322165,1
0.976881438,1
0.987314369,1
0.99470982,1
0.977510925,1
0.865305553,1
0.984130751,1
0.996384645,1
0.880202963,1
0.89730017,1
0.98366106,1
0.278085769,1
0.14315804,1
1,1
0.992965848,1
0.987968459,1
0.994534372,1
0.985757991,1
0.948678748,1
0.892409267,1
0.99999979,1
0.989899584,1
0.999288666,1
0.99982809,1
0.997305071,1
0.991663781,1
0.999113701,1
0.992414067,1
0.640897421,1
0.999897072,1
0.942838134,1
0.999999946,1
0.999837611,1
0.846558986,1
0.3072151,1
0.414540902,1
0.946858243,1
0.786114083,1
0.999962952,1
0.989544049,1
0.994109481,1
0.990422688,1
0.63995395,1
0.986287294,1
0.999694318,1
0.999758075,1
0.998131575,1
0.475527504,1
0.989524597,1
0.928034679,1
0.999999435,1
0.999765953,1
0.842062751,1
0.999946158,1
0.851558708,1
0.997967948,1
0.948531054,1
0.999655438,1
0.7820118,1
0.797483953,1
0.79396727,1
0.797483953,1
0.865136464,1
0.986291648,1
0.441183338,1
0.974330223,1
0.999765953,1
0.999798408,1
0.473476496,1
0.997604432,1
0.926952818,1
0.753565595,1
0.924062848,1
0.803851421,0
0.763985082,0
0.008368777,0
0.008794257,0
0.291540485,0
0.00324037,0
0.104041367,0
0.162654864,0
0.056790143,0
0.300538264,0
0.003270996,0
0.162995202,0
0.017731834,0
0.107318088,0
0.181746664,0
0.022543159,0
0.099306007,0
0.053471877,0
0.109481169,0
0.31592586,0
0.13663652,0
0.177439751,0
0.229914471,0
0.109254795,0
0.296810491,0
0.001370136,0
0.049907453,0
0.244058639,0
0.043593841,0
0.062470614,0
0.387414779,0
0.133249455,0
0.232772051,0
0.188571961,0
0.304371341,0
0.000574466,0
0.09062101,0
0.085307425,0
0.298743167,0
0.138005684,0
0.65598357,0
0.154394009,0
0.040472525,0
0.178391744,0
0.012389606,0
0.139152295,0
0.000967692,0
0.009024711,0
0.426534271,0
0.829483175,0
0.147192807,0
0.318923686,0
0.141677995,0
0.25626827,0
0.143642069,0
0.378122037,0
0.098768986,0
0.202055557,0
0.161745561,0
0.347537765,0
0.137338577,0
0.053689117,0
0.116239125,0
0.092088389,0
0.007751782,0
0.007419109,0
0.112267442,0
0.015329964,0
0.021972408,0
0.013623462,0
0.125289828,0
0.500353661,0
0.075214752,0
0.357525902,0
0.289040293,0
0.288885465,0
0.164205336,0
0.023621982,0
0.286052031,0
0.024513425,0
0.196924158,0
0.156609076,0
0.183302502,0
0.21134762,0
0.007430087,0
0.051446178,0
0.000967692,0
0.651063266,0
0.044255768,0
0.000967692,0
0.103559335,0
0.257834858,0
0.007670844,0
0.000612815,0
0.013374776,0
0.156528907,0
0.361155646,0
0.110644366,0
0.030482216,0
0.013018976,0
0.000967692,0
0.379747428,0
0.132861234,0
0.41308764,0
0.264052804,0
0.411034214,0
0.366642999,0
0.010806987,0
0.043233771,0
0.007419419,0
0.046476814,0
0.54749332,0
0.081078436,0
0.046144963,0
0.088789288,0
0.067059202,0
0.095904455,0
0.095561627,0
0.768716986,0
0.152573969,0
0.049930009,0
0.016612193,0
0.498442448,0
0.194644137,0
0.206247938,0
0.572384253,0
0.218828385,0
0.018336042,0
0.242690885,0
0.089708184,0
0.066454174,0
0.164003809,0
0.024059639,0
0.137129497,0
0.244611124,0
0.168878186,0
0.063866649,0
0.450153842,0
0.176725889,0
0.288654829,0
0.177113495,0
0.12510871,0
0.056943409,0
0.027686809,0
0.124149528,0
0.017135642,0
0.034643774,0
0.001208665,0
0.074863189,0
0.006037216,0
0.227321148,0
0.000130361,0
0.018158897,0
0.306097676,0
0.05120483,0
0.095328337,0
0.379173327,0
0.127527447,0
0.13136779,0
0.227658372,0
0.250068202,0
0.313125044,0
0.277571446,0
0.088709989,0
0.00716654,0
0.056769908,0
0.077097179,0
0.090131519,0
0.202240657,0
5.85E-06,0
0.104238272,0
0.31493843,0
0.487228677,0
0.090935135,0
0.000578361,0
0.000398496,0
0.029848036,0
0.099445492,0
0.002604806,0
0.019142429,0
0.14797843,0
0.038990274,0
0.066310876,0
0.072359553,0
0.037852716,0
0.234569954,0
0.091608254,0
0.049830134,0
0.029044595,0
0.185726004,0
0.164545348,0
0.05516812,0
0.036132048,0
0.098458202,0
0.009286426,0
0.222463764,0
0.040063994,0
0.011615789,0
0.340583381,0
0.152409099,0
0.717613506,0
0.983039364,0
0.069351504,0
0.389371895,0
0.095970201,0
0.005177117,0
0.032570269,0
0.34209472,0
0.306509999,0
0.164734989,0
0.198175372,0
0.184894952,0
0.061695379,0
0.138342721,0
0.148068542,0
0.31321331,0
0.236873752,0
0.049223062,0
0.039006006,0
0.083708242,0
0.041656621,0
0.020609012,0
0.027265163,0
0.121736419,0
0.072082091,0
0.031527916,0
0.50047774,0
0.371561459,0
0.036823931,0
0.205967267,0
0.139758701,0
0.011639323,0
0.077003977,0
0.075411106,0
0.035496646,0
0.291707773,0
0.041822335,0
0.143547181,0
0.236821653,0
0.004174235,0
0.000622429,0
0.314668379,0
0.02877264,0
0.004375964,0
0.029292561,0
0.127795452,0
0.001073849,0
0.28625167,0
0.50047774,0
0.019790285,0
0.138877106,0
0.031676684,0
0.004496798,0
0.003185599,0
0.132415427,0
0.304002712,0
0.208113616,0
0.165160071,0
0.133408516,0
0.011685004,0
0.00409039,0
0.048849203,0
0.314111828,0
0.022744877,0
0.071869085,0
0.149538459,0
0.136526052,0
0.267989797,0
0.160007031,0
0.051797821,0
0.569471506,0
0.196194374,0
0.262298572,0
0.000197015,0
0.012679793,0
0.043556857,0
0.681468662,0
0.291032471,0
0.135847297,0
0.194762551,0
0.097129615,0
0.599006299,0
0.081119997,0
0.198243922,0
0.187001348,0
0.269785161,0
0.070212111,0
0.039125546,0
0.244712179,0
0.097310519,0
0.032432327,0
0.138552497,0
2.64E-05,0
0.016034252,0
0.016034252,0
0.135215738,0
0.188517361,0
0.289918971,0
0.02877264,0
0.040707346,0
0.187591773,0
0.363178924,0
0.247250074,0
0.356860172,0
0.182329157,0
0.62443418,0
0.256431685,0
0.013275164,0
0.213092308,0
0.928102451,0
0.047625886,0
0.049114352,0
0.028875789,0
0.245463863,0
0.468769363,0
0.070743227,0
0.0491323,0
0.131914335,0
0.135950938,0
0.025682602,0
0.190540751,0
0.102397998,0
0.024926471,0
0.114831548,0
0.996275643,0
0.090508777,0
0.326929916,0
0.012151374,0
0.244942789,0
0.284461694,0
0.012876153,0
0.021160938,0
0.164027916,0
0.164391024,0
0.419401514,0
0.018158897,0
0.149956721,0
0.012039319,0
0.017035056,0
0.011314694,0
0.009830693,0
0.222776059,0
0.015994867,0
0.00134961,0
0.002202269,0
0.00076312,0
0.125057207,0
0.034343169,0
0.0314197,0
0.157390563,0
0.379907878,0
0.174897114,0
0.159737824,0
0.607003818,0
0.101248984,0
0.00860902,0
0.257983352,0
0.247701721,0
0.035671016,0
0.025426724,0
0.093178553,0
0.093009767,0
0.249737474,0
0.003603606,0
0.245547053,0
0.276100561,0
0.024889673,0
0.258583122,0
0.663186166,0
0.066621678,0
0.174910928,0
0.163822749,0
0.430512439,0
0.146749556,0
0.008368777,0
0.105912707,0
0.063398118,0
0.162654864,0
0.165700016,0
0.056598049,0
0.164241872,0
0.092563456,0
0.043995148,0
0.345103755,0
0.085898992,0
0.00092875,0
0.031845652,0
0.039721801,0
0.069157475,0
0.152373286,0
0.322284223,0
0.047040693,0
0.019992255,0
0.058751506,0
0.162791211,0
0.023461571,0
0.039006006,0
0.018158897,0
0.000116204,0
0.012338971,0
0.227404757,0
0.216294285,0
0.152518847,0
0.02644156,0
0.034111985,0
0.002410912,0
0.045810458,0
0.003813647,0
0.033661584,0
0.110286776,0
0.012078194,0
0.10241685,0
0.256230652,0
0.332880006,0
0.142156201,0
0.272702049,0
0.008409442,0
0.220702018,0
0.001672931,0
0.099247242,0
0.053424437,0
0.055925747,0
0.181919619,0
0.48236552,0
0.112463525,0
0.322764347,0
0.133748899,0
0.054575168,0
0.195560955,0
0.094496865,0
0.041476783,0
0.11780477,0
0.100599496,0
0.017699814,0
0.069296295,0
0.348100342,0
0.094312772,0
0.378711627,0
0.280002042,0
0.114496852,0
0.054472333,0
0.162927651,0
0.198724834,0
0.168247404,0
0.384588042,0
0.095416702,0
0.82813313,0
0.114054322,0
0.083405381,0
0.381561079,0
0.015894435,0
0.016248997,0
0.063457753,0
0.141567332,0
0.036507889,0
0.053116018,0
0.044728486,0
0.000239224,0
0.054619659,0
0.054575168,0
0.162859419,0
0.063457753,0
0.064734894,0
0.35073637,0
0.005018767,0
0.626164005,0
0.163825206,0
0.227872991,0
0.140258846,0
0.127284275,0
0.112574441,0
0.000269672,0
0.054248458,0
0.000688045,0
0.206369832,0
0.141411955,0
0.109695993,0
0.009793213,0
0.124056998,0
0.276552241,0
0.563581527,0
0.378112582,0
0.028601808,0
0.018397368,0
0.084693152,0
0.161540511,0
0.092609863,0
0.060826283,0
0.018305061,0
0.022422522,0
0.029836218,0
0.984955819,0
0.984955819,0
0.996369958,0
0.275936934,0
0.058475359,0
0.171976174,0
0.155820688,0
0.005941468,0
0.184450056,0
0.042267021,0
0.230202821,0
0.372016339,0
0.426996969,0
0.065598644,0
0.101611029,0
0.190008959,0
0.080623482,0
0.243448958,0
0.106604064,0
0.003367439,0
0.205847587,0
0.271648231,0
0.249869677,0
0.001015506,0
0.029136815,0
0.232963943,0
0.187210002,0
0.076595632,0
0.158587057,0
0.094019893,0
0.094019893,0
0.0326452,0
0.116854424,0
0.072385492,0
0.193005306,0
0.780981989,0
0.139439547,0
0.085379299,0
0.130010825,0
0.001474562,0
0.011365067,0
0.357150582,0
0.130951505,0
0.183959821,0
0.045810984,0
0.376555846,0
0.106744946,0
0.084115476,0
0.004704518,0
0.092527456,0
0.046942156,0
0.178977451,0
0.039581763,0
0.068045555,0
0.022349727,0
0.199950513,0
0.161646014,0
0.2291979,0
0.023796614,0
0.047146601,0
0.313516001,0
0.052669421,0
0.035285288,0
0.115544537,0
0.200524381,0
0.01453748,0
0.944486243,0
0.107343488,0
0.001318545,0
0.052785798,0
0.052098307,0
0.168664757,0
0.014541423,0
0.042564791,0
0.016243799,0
0.094656568,0
0.054289629,0
0.034013185,0
0.015834572,0
0.266119262,0
0.20076619,0
0.1585475,0
0.020809384,0
0.106452449,0
0.172843121,0
0.07254771,0
0.152434621,0
0.00556999,0
0.310582755,0
0.320720696,0
0.058097856,0
0.305509439,0
0.001525236,0
0.022980497,0
0.000178546,0
0.015867437,0
0.021895821,0
0.223536929,0
0.120767844,0
0.091536707,0
0.016294754,0
0.136782914,0
0.10244037,0
0.019705239,0
0.140728441,0
0.016748494,0
0.116257393,0
0.260627808,0
0.04769797,0
0.191456334,0
0.161137215,0
0.579086677,0
0.017538389,0
0.354653832,0
0.007832637,0
0.108278947,0
0.009474338,0
0.2179618,0
0.288274829,0
0.355080071,0
0.115725452,0
0.023725025,0
0.00326289,0
0.040646092,0
0.143102854,0
0.023679584,0
0.164205336,0
0.389584427,0
0.094508316,0
0.03534973,0
0.147849815,0
0.101088155,0
0.336747713,0
0.206688618,0
0.214302269,0
0.21088251,0
0.02877264,0
0.105063574,0
0.071098537,0
0.095545094,0
0.10884276,0
0.312530411,0
0.273994677,0
0.342039875,0
0.069888942,0
0.004799965,0
0.183200032,0
0.006690272,0
0.070804066,0
0.064105613,0
0.086764675,0
0.134008304,0
0.033523348,0
0.138779552,0
0.015915334,0
0.028042092,0
0.048486869,0
0.992020409,0
0.450153842,0
0.126064897,0
0.979334571,0
0.137112994,0
0.026274542,0
0.048242123,0
0.03983332,0
0.166670802,0
0.034087485,0
0.199520167,0
0.194422443,0
0.146212172,0
0.194422443,0
0.166666112,0
0.194422443,0
0.01318298,0
0.118785116,0
0.220567529,0
0.432073511,0
0.00255241,0
0.03377212,0
0.626164005,0
0.005018767,0
0.626164005,0
0.163825206,0
0.227872991,0
0.140258846,0
0.127284275,0
0.563581527,0
0.019790285,0
0.031676684,0
0.004496798,0
0.003185599,0
0.304002712,0
0.181672916,0
0.352527653,0
0.012241568,0
0.092577594,0
0.865605439,0
0.176627855,0
0.079379299,0
0.011111947,0
0.054951199,0
0.245456729,0
0.155897848,0
0.096477347,0
0.610614316,0
0.123466035,0
0.717353021,0
0.64562311,0
0.150206771,0
0.083008763,0
0.146273995,0
0.218594388,0
0.075189818,0
0.046912707,0
0.137709097,0
0.000574466,0
0.13693791,0
0.039295253,0
0.100827466,0
0.227849432,0
0.041288168,0
0.761693382,0
0.369645054,0
0.02877264,0
0.043180205,0
0.076132928,0
0.152983333,0
0.370658443,0
0.210293727,0
0.074666267,0
0.336234684,0
0.008519519,0
0.999651266,0
0.168409311,0
0.320521365,0
0.390114018,0
0.277025604,0
5.33E-05,0
0.058887428,0
0.115850696,0
0.084969863,0
0.383827065,0
0.46031941,0
0.308620208,0
0.184961719,0
0.425707424,0
0.150788798,0
4.06E-05,0
0.157202062,0
0.085518502,0
0.022149317,0
0.270138359,0
0.21266833,0
0.018397368,0
0.121639248,0
0.129139258,0
0.083045362,0
0.015051731,0
0.015460506,0
0.002343348,0
0.122996462,0
0.133273419,0
0.458725077,0
0.078327461,0
0.02877264,0
0.102482848,0
0.110548847,0
0.001600459,0
0.139555397,0
0.206246377,0
9.05E-05,0
0.187255885,0
0.187047042,0
0.42958951,0
0.142400364,0
0.20240454,0
0.626164005,0
0.015391103,0
0.076364388,0
0.114218928,0
0.202859062,0
0.11710888,0
0.519117024,0
0.38967165,0
0.012445618,0
0.114764806,0
0.002612426,0
0.038987254,0
0.028758661,0
0.12642763,0
0.025120879,0
0.020809483,0
0.105458074,0
0.042952314,0
0.020753606,0
0.141418118,0
0.050174515,0
0.045181925,0
0.020475938,0
0.145879436,0
0.685180085,0
0.0307537,0
0.050519918,0
0.039728692,0
0.14089832,0
0.156112242,0
0.121886989,0
0.156805997,0
0.110370059,0
0.479133557,0
9.44E-05,0
0.735286065,0
0.022908809,0
0.149641464,0
0.097283754,0
0.063424804,0
0.015391103,0
0.007377955,0
0.241821933,0
0.050667448,0
0.037690416,0
0.187274328,0
0.107022137,0
0.093994891,0
0.389220565,0
0.006215786,0
9.05E-05,0
0.029403637,0
0.079883865,0
0.172609396,0
0.319761378,0
0.114076122,0
0.018480535,0
0.085960545,0
0.279204285,0
0.056439397,0
0.001642022,0
0.001640544,0
0.001640544,0
0.652839379,0
0.298466471,0
0.14496236,0
0.110585765,0
0.249745328,0
0.009299822,0
0.008583569,0
0.436103839,0
0.159469232,0
0.009655208,0
0.164326696,0
0.162653294,0
0.006271858,0
0.16441796,0
0.035075811,0
0.035331832,0
0.117256452,0
0.008364199,0
0.12469062,0
0.035521989,0
0.194811421,0
0.05354909,0
0.001649945,0
0.191319956,0
0.196365486,0
0.21251044,0
0.098298696,0
0.072677311,0
0.12367379,0
0.01933442,0
0.001056794,0
0.003824229,0
0.13649883,0
0.081996762,0
0.065143011,0
0.326684158,0
0.13601921,0
0.122008088,0
0.082161019,0
0.258343618,0
0.06097155,0
0.152020974,0
0.107543695,0
0.391799876,0
0.007547695,0
0.612571676,0
0.732827883,0
0.00158269,0
0.206365014,0
0.070449175,0
0.480454544,0
0.170073094,0
0.001639478,0
9.05E-05,0
0.181427457,0
0.178080799,0
0.078837514,0
0.01506143,0
0.133055972,0
0.093090215,0
0.177766702,0
0.011244296,0
0.433923204,0
0.087395669,0
0.267391674,0
0.875026379,0
0.060228167,0
0.057305682,0
0.152640836,0
0.338326,0
0.15287881,0
0.181260031,0
0.120943859,0
0.076335979,0
0.254545795,0
0.065379401,0
0.002026919,0
0.00857699,0
0.187231051,0
9.13E-05,0
0.041153037,0
0.16576315,0
0.571047971,0
0.136525576,0
0.160811808,0
0.160811808,0
0.160811808,0
0.160811808,0
0.121321788,0
0.162949009,0
0.104240253,0
0.271335682,0
0.085630506,0
0.405393704,0
0.057764507,0
0.311970147,0
0.465517614,0
0.087263271,0
0.008368777,0
0.093483695,0
0.16217764,0
0.035355397,0
0.075552785,0
0.100478533,0
0.003764134,0
0.00747856,0
0.076109035,0
0.092475465,0
0.162927651,0
0.099211547,0
0.610614316,0
0.017337897,0
0.736867237,0
0.11157267,0
0.006119972,0
0.051403942,0
0.053284702,0
0.038985769,0
0.06532202,0
0.101079274,0
0.000964514,0
0.295898312,0
0.03317193,0
0.164545348,0
0.206621519,0
0.058725974,0
0.070310957,0
0.028962627,0
0.193286528,0
0.08051014,0
0.594661169,0
0.210273076,0
0.126109004,0
0.022988112,0
0.063083907,0
0.013805885,0
0.146572559,0
0.186602296,0
0.165295455,0
0.184061294,0
0.128841072,0
0.00010029,0
0.163620124,0
0.13533687,0
0.022564753,0
0.437030328,0
0.10219055,0
0.082118723,0
0.176562008,0
0.099353897,0
0.209222225,0
0.031769576,0
0.137127164,0
0.13582028,0
0.055805751,0
0.397837368,0
0.165732502,0
0.165947556,0
0.107219998,0
0.626164005,0
0.091494312,0
0.018397368,0
0.199637807,0
0.042886598,0
0.136830954,0
0.148769763,0
0.213168335,0
0.466600642,0
0.046607026,0
0.018480535,0
0.018480535,0
0.018480535,0
0.09341617,0
0.242137424,0
0.069991702,0
0.167797128,0
0.101933287,0
0.112554752,0
0.062445845,0
0.110288177,0
0.138777983,0
0.302014125,0
0.053573192,0
0.088302524,0
0.380498574,0
0.039743669,0
0.760248878,0
0.22094701,0
0.168414604,0
0.153328198,0
0.075440726,0
0.450153842,0
0.083804412,0
0.458497745,0
0.129246006,0
0.707787979,0
0.246610187,0
0.329346574,0
0.368292201,0
0.257670854,0
0.041737331,0
0.157202929,0
0.07840757,0
0.013380188,0
0.013859357,0
0.000176949,0
0.293254502,0
0.111882257,0
0.151301316,0
0.2686869,0
0.045313246,0
0.026785293,0
0.182141938,0
0.840720519,0
0.270969278,0
0.142264721,0
0.08034891,0
0.18418684,0
0.061128107,0
0.142576981,0
0.171745356,0
0.002174428,0
0.002686042,0
0.484922817,0
0.026908916,0
0.024948794,0
0.188975678,0
0.249373982,0
0.083279207,0
0.190173339,0
0.165765664,0
0.021667361,0
0.040596795,0
0.272616916,0
0.397020604,0
0.003753962,0
0.301048237,0
0.074802512,0
0.015424018,0
0.08467107,0
0.165183616,0
0.318208363,0
0.00245464,0
0.00099186,0
0.000991364,0
0.000842197,0
0.167071084,0
0.032777829,0
0.045321373,0
0.018357847,0
0.245564116,0
0.002209642,0
0.119666862,0
0.087436779,0
0.159923648,0
0.136551295,0
0.007144782,0
0.130500337,0
0.081605028,0
0.13641326,0
0.02959374,0
0.158130339,0
0.425223736,0
0.062687054,0
0.002635388,0
0.193044176,0
0.196779301,0
0.284211623,0
0.293968682,0
0.139601379,0
0.001815475,0
0.162859419,0
0.001818,0
0.041100815,0
0.994505987,0
0.871515629,0
0.073893686,0
0.141750603,0
0.174956866,0
0.099857691,0
0.03794935,0
0.00210561,0
0.164480212,0
0.006923119,0
0.369308,0
0.074861087,0
0.106495505,0
0.012491551,0
0.184169288,0
0.334946834,0
0.09454455,0
0.162654864,0
0.114597821,0
0.026466924,0
0.268767261,0
0.267490181,0
0.126583609,0
0.162807044,0
0.050577521,0
0.599126707,0
0.351589092,0
0.129148647,0
0.293904769,0
0.156542375,0
0.065689176,0
0.314388232,0
0.049858956,0
0.108994762,0
0.059920738,0
0.364382592,0
0.059920738,0
0.076123721,0
0.108781013,0
0.27110832,0
0.630680613,0
0.142297201,0
0.021542475,0
0.135750295,0
0.097191041,0
0.092755258,0
0.271873333,0
0.115188743,0
0.016536619,0
0.040618568,0
0.129808401,0
0.314056277,0
0.170536278,0
0.001980603,0
0.073168067,0
0.031466955,0
0.078850983,0
0.006476623,0
0.001412814,0
0.04119577,0
0.636076693,0
0.093904686,0
0.097370875,0
0.288547393,0
0.013862777,0
0.011164759,0
0.363153999,0
0.11459164,0
0.076338678,0
0.242048853,0
0.074407125,0
0.031466975,0
0.427403509,0
0.181869026,0
0.003035547,0
0.059036223,0
0.074940413,0
0.447060168,0
0.003172008,0
0.002085893,0
0.108067623,0
0.158355546,0
0.155884779,0
0.109094741,0
0.264806522,0
0.131532782,0
0.362841955,0
0.264054037,0
0.626164005,0
0.152137918,0
0.253295549,0
0.075694878,0
0.254338852,0
0.1700354,0
0.287066664,0
0.044783569,0
0.058782118,0
0.045545614,0
0.074425028,0
0.013627058,0
0.000902556,0
0.670706548,0
0.009705888,0
0.009705888,0
0.135035522,0
0.227053291,0
0.175550431,0
0.945578361,0
0.160995199,0
0.030238913,0
0.005675286,0
0.139832227,0
0.162723026,0
0.127182764,0
0.005222184,0
0.419692202,0
0.366398838,0
0.002635388,0
0.179102088,0
0.349002641,0
0.574822568,0
0.106826228,0
0.046581823,0
0.276725777,0
0.844783554,0
0.207748863,0
0.033663427,0
0.400793254,0
0.002026354,0
0.07270396,0
0.053005133,0
0.193340536,0
0.162995905,0
0.141271096,0
0.117751251,0
0.106619499,0
0.093535853,0
0.200946118,0
0.361791708,0
0.147076369,0
0.001651511,0
0.026305409,0
0.013880997,0
0.127916561,0
0.005453537,0
0.14716296,0
0.337407914,0
0.450153842,0
0.167050006,0
0.230361968,0
0.322139182,0
0.126774632,0
0.199089909,0
0.054550545,0
0.049718975,0
0.0606546,0
0.055636903,0
0.324037236,0
0.192645581,0
0.053641785,0
0.124422168,0
0.058725974,0
0.058725974,0
0.058725974,0
0.020947023,0
0.058725974,0
0.058725974,0
0.055591403,0
0.085524309,0
0.049462923,0
0.098750691,0
0.084041254,0
0.218043903,0
0.166568068,0
0.342872193,0
0.013854667,0
0.058725974,0
0.228717843,0
0.313695326,0
0.080841631,0
0.165414066,0
0.005364042,0
0.123551001,0
0.058725974,0
0.058725974,0
0.263092526,0
0.058725974,0
0.165154654,0
0.720031031,0
0.165154654,0
0.058725974,0
0.861585593,0
0.004643919,0
0.015410061,0
0.131080112,0
0.159737824,0
0.249100246,0
0.078328146,0
0.011707244,0
0.062900729,0
0.058725974,0
0.010138783,0
0.058725974,0
0.058725974,0
0.058725974,0
0.058725974,0
0.058725974,0
0.165154654,0
0.165154654,0
0.058725974,0
0.058725974,0
0.058725974,0
0.058725974,0
0.058725974,0
0.058725974,0
0.058725974,0
0.058725974,0
0.058725974,0
0.058725974,0
0.018480535,0
0.058725974,0
0.058725974,0
0.058725974,0
0.058725974,0
0.058725974,0
0.058725974,0
0.058725974,0
0.058725974,0
0.162859419,0
0.164950551,0
0.165274932,0
0.20997585,0
0.018158897,0
0.595971609,0
0.086318601,0
0.104658771,0
0.000140547,0
0.15097522,0
0.039403171,0
0.113073598,0
0.027834346,0
0.00564809,0
0.177135942,0
0.059879879,0
0.113295267,0
0.060065154,0
0.226507553,0
0.151036521,0
0.863432003,0
2.62E-05,0
0.039006006,0
0.023496229,0
0.000175085,0
0.068139192,0
0.002804601,0
0.004145212,0
1.79E-05,0
0.004152751,0
0.023496229,0
0.209781097,0
2.31E-05,0
0.208527109,0
0.123362446,0
0.031843983,0
2.68E-05,0
0.109354289,0
0.016351357,0
0.172671249,0
0.72562075,0
0.110735865,0
0.091972396,0
0.002185567,0
0.00714371,0
0.192172519,0
0.162927651,0
0.004864156,0
0.388215485,0
0.945001243,0
0.075682028,0
0.637972013,0
0.151002173,0
0.059719213,0
0.162723026,0
0.105024865,0
0.105024865,0
0.101434146,0
0.022898255,0
0.067474834,0
0.300696986,0
0.886994683,0
0.315779235,0
0.383605863,0
0.300603311,0
0.368272852,0
0.185252408,0
0.20110999,0
0.373220282,0
0.42385027,0
0.276437081,0
0.110926287,0
0.160406593,0
0.280198741,0
0.429599407,0
0.146491891,0
0.182473211,0
0.027815792,0
0.01486058,0
0.172135845,0
0.626164005,0
0.053567365,0
0.002866182,0
0.028758661,0
0.004324934,0
0.018397368,0
0.097657837,0
0.158108753,0
0.299758638,0
0.02877264,0
0.167224164,0
0.3319423,0
0.146613758,0
0.019282633,0
0.447935596,0
0.011539924,0
0.068627869,0
0.941849831,0
0.011190768,0
0.119665247,0
9.05E-05,0
0.999997613,0
0.073012534,0
0.058497549,0
0.263784553,0
5.89E-05,0
0.006432085,0
0.507448681,0
0.093711852,0
0.006735517,0
0.050189766,0
0.332964882,0
0.11765577,0
0.449865849,0
0.06911284,0
0.223020122,0
0.196524011,0
0.154359127,0
0.10550668,0
0.105510863,0
0.06380408,0
0.020877079,0
0.105694829,0
0.035517879,0
0.092300637,0
0.405588045,0
0.104225824,0
9.05E-05,0
0.243260786,0
0.026608245,0
0.999450003,0
0.999450003,0
0.670349664,0
0.046493445,0
0.080306935,0
0.068318627,0
0.031095417,0
0.241744601,0
0.081105171,0
0.144671666,0
0.139491972,0
0.010209085,0
0.180680419,0
0.002984354,0
0.741491476,0
0.116505625,0
0.167747007,0
0.203680322,0
0.124667341,0
0.268761638,0
0.052504522,0
0.096976,0
0.320485694,0
0.162791211,0
0.500039867,0
0.000993464,0
0.163891909,0
0.311124688,0
0.001431242,0
0.125328295,0
0.114765484,0
0.165700016,0
0.416833805,0
0.429895995,0
0.823032407,0
0.445759772,0
0.164004687,0
0.995406317,0
0.86396534,0
0.136734143,0
0.205064309,0
0.002750668,0
0.157247584,0
0.037471313,0
0.000727709,0
0.007040558,0
0.045460807,0
0.228279998,0
0.12018437,0
0.138473943,0
0.101897121,0
0.423675578,0
0.031071485,0
0.029659805,0
0.404123429,0
0.01156261,0
0.06764434,0
0.244650942,0
0.090987918,0
0.16750548,0
0.101748959,0
0.207011957,0
0.165127909,0
0.077049452,0
0.271610698,0
0.140088989,0
0.189209637,0
0.001671411,0
0.166934005,0
0.002008546,0
0.004381208,0
0.162859419,0
0.166934005,0
0.032356741,0
0.039806852,0
0.039806852,0
0.032216607,0
0.076582306,0
0.526721636,0
0.060899286,0
0.14496236,0
0.279639025,0
0.192317985,0
0.030524074,0
0.2847164,0
0.166934005,0
0.005036961,0
0.344887191,0
9.05E-05,0
0.12399616,0
0.003823072,0
0.139230191,0
0.024957401,0
0.232694962,0
0.002864812,0
0.007372149,0
0.061745584,0
0.866666525,0
0.116379627,0
0.263834216,0
0.259806711,0
0.02877264,0
0.461274953,0
0.133794496,0
0.270869348,0
0.188347901,0
0.250793042,0
0.207471783,0
0.069353591,0
0.215637339,0
0.121265078,0
0.022413108,0
0.019345757,0
0.408104404,0
0.238055677,0
0.003677261,0
0.43046737,0
0.036153257,0
0.19896347,0
0.08921061,0
0.008857033,0
0.066685979,0
0.186952643,0
0.735519006,0
0.042359247,0
0.44942947,0
0.202585344,0
0.43304167,0
0.124548371,0
0.163510918,0
0.26805035,0
0.163510918,0
0.133967349,0
0.084586451,0
0.021086513,0
0.162791211,0
0.24822821,0
0.150223858,0
0.250776521,0
0.163510918,0
0.163510918,0
0.265806375,0
0.143702069,0
0.014478689,0
0.115814359,0
0.11576823,0
0.037992982,0
0.179774475,0
0.002935932,0
0.149834968,0
0.039392309,0
0.205810682,0
0.478586221,0
0.089475156,0
0.143760638,0
0.483808236,0
0.063451116,0
0.164844606,0
0.040816933,0
0.034955713,0
0.910695277,0
0.206737529,0
0.626164005,0
0.047548723,0
0.060529887,0
0.305884452,0
0.15589955,0
0.293562984,0
0.03261032,0
0.139276804,0
0.006238962,0
0.137423092,0
0.009423297,0
0.283829597,0
0.19924515,0
0.278882819,0
0.241518844,0
0.713500854,0
0.053193248,0
0.032475823,0
0.657051961,0
0.030212078,0
0.295321747,0
0.09856968,0
0.960694036,0
0.024853681,0
0.648277362,0
0.000502829,0
0.132179427,0
0.062291027,0
0.169488572,0
0.090209999,0
0.058217625,0
0.024985048,0
0.096312424,0
0.162934511,0
8.41E-05,0
0.010637743,0
0.002061747,0
1.03E-05,0
0.018233665,0
0.023920172,0
0.014610987,0
0.109120252,0
0.011998469,0
0.201032212,0
0.06352735,0
0.007510294,0
0.027502146,0
0.282467212,0
0.169032838,0
0.524275997,0
0.143492135,0
0.395891509,0
0.011536677,0
0.000387342,0
0.029111435,0
0.056642486,0
0.025344788,0
0.060588265,0
0.032772636,0
0.074000863,0
0.020176561,0
0.142400364,0
0.283591956,0
0.283591956,0
0.019031546,0
0.013331722,0
0.114454,0
0.367681708,0
0.153017456,0
0.188205999,0
0.188937118,0
0.049209754,0
0.233191637,0
0.449865849,0
0.031314888,0
0.144835331,0
0.64094761,0
0.235819681,0
0.102829947,0
0.102829947,0
0.022123312,0
0.321030653,0
0.28371243,0
0.065290294,0
0.025033406,0
0.02877264,0
0.018158897,0
0.02457391,0
0.490896983,0
0.222684825,0
0.360278366,0
0.101541744,0
0.287326127,0
0.118833179,0
0.00555965,0
0.147194667,0
0.044464023,0
0.029656734,0
0.018173921,0
0.010768343,0
0.012402114,0
0.162995905,0
0.058718697,0
0.094286193,0
0.218718063,0
0.237036921,0
0.244948306,0
0.365752494,0
0.34935624,0
0.115097975,0
0.24085841,0
0.039564891,0
0.172831457,0
0.169128567,0
0.413263639,0
0.048888333,0
0.202556061,0
0.009413274,0
0.161018397,0
0.005562226,0
0.174891135,0
0.218561,0
0.335478411,0
0.116755926,0
0.000302412,0
0.000234182,0
0.000472372,0
0.031854518,0
0.255240443,0
0.103057172,0
0.626164005,0
0.031896982,0
0.072704792,0
0.001149982,0
0.333334856,0
0.059639628,0
0.207960931,0
0.139526671,0
0.065409043,0
0.077601833,0
0.162791211,0
0.02877264,0
0.139947962,0
0.04832699,0
0.154136588,0
0.02877264,0
0.02877264,0
0.02877264,0
0.162791211,0
0.02877264,0
0.091856502,0
0.02877264,0
0.02877264,0
0.048350009,0
0.02877264,0
0.02877264,0
0.162927651,0
0.162859419,0
0.02877264,0
0.02877264,0
0.02877264,0
0.02877264,0
0.02877264,0
0.162859419,0
0.137599642,0
0.028786627,0
0.02877264,0
0.162859419,0
0.167695622,0
0.162995905,0
0.162791211,0
0.02877264,0
0.02877264,0
0.162927651,0
0.028993379,0
0.02877264,0
0.007919874,0
0.164003809,0
0.02877264,0
0.014635845,0
0.165732502,0
0.02877264,0
0.162859419,0
0.02877264,0
0.02877264,0
0.02877264,0
0.02877264,0
0.162927651,0
0.02877264,0
0.02877264,0
0.02877264,0
0.02877264,0
0.02877264,0
0.02877264,0
0.02877264,0
0.164003809,0
0.02877264,0
0.000252998,0
0.162791211,0
6.61E-05,0
0.039006006,0
0.038987254,0
0.162995905,0
0.02877264,0
0.02877264,0
0.02877264,0
0.02877264,0
0.028786627,0
0.02877264,0
0.02877264,0
0.02877264,0
0.02877264,0
0.02877264,0
0.02877264,0
0.02877264,0
0.02877264,0
0.02877264,0
0.02877264,0
0.02877264,0
0.02877264,0
0.02877264,0
0.02877264,0
0.003851566,0
0.02877264,0
0.02877264,0
0.02877264,0
0.02877264,0
0.02877264,0
0.162791211,0
0.162859419,0
0.164545348,0
0.02877264,0
0.02877264,0
0.02877264,0
0.02877264,0
0.000846832,0
0.00160234,0
0.156710565,0
0.02877264,0
0.163563148,0
0.159313301,0
0.162791211,0
0.052634544,0
0.162791211,0
0.162791211,0
0.162859419,0
0.162791211,0
0.162791211,0
0.162859419,0
0.162791211,0
0.162791211,0
0.162791211,0
0.164679446,0
0.000330541,0
0.148707322,0
0.250132861,0
0.00472531,0
0.132411122,0
0.210989776,0
0.120560766,0
0.06911284,0
0.009328344,0
0.170034102,0
0.207755826,0
0.01638025,0
0.0031826,0
0.012224517,0
0.052510429,0
0.057019678,0
0.326593448,0
0.254699822,0
0.130586567,0
0.006133318,0
0.2024319,0
0.224936707,0
0.11300985,0
0.014436206,0
0.065995081,0
0.017880803,0
0.105525817,0
0.029966246,0
0.206295592,0
0.387991386,0
0.162859419,0
0.041755872,0
0.103794961,0
0.227420382,0
0.084682025,0
0.011305407,0
7.87E-05,0
0.429250999,0
0.026653583,0
0.279462154,0
0.040008893,0
0.321578274,0
0.037216141,0
0.064169121,0
0.111429343,0
0.111429343,0
0.08691948,0
0.116035291,0
0.464595993,0
0.001207986,0
0.134573741,0
0.03202881,0
0.132566193,0
0.14626357,0
0.145065238,0
0.072705234,0
0.13817315,0
0.197112117,0
0.018397368,0
0.036141416,0
0.008635236,0
0.016054241,0
0.18275175,0
0.140613934,0
0.05745476,0
0.163510918,0
0.049997078,0
0.365677191,0
0.188965558,0
0.057154613,0
0.921850319,0
0.145897398,0
0.003749706,0
0.21584749,0
0.080940142,0
0.626164005,0
0.162791211,0
0.027817109,0
0.018585958,0
0.080575608,0
0.139288588,0
0.04288026,0
0.134652743,0
0.024650154,0
0.831140832,0
0.273931211,0
0.151560204,0
0.049500576,0
0.043761528,0
0.234002667,0
0.089048717,0
0.000436988,0
0.148061742,0
0.266113803,0
0.114580305,0
0.094151784,0
0.293487641,0
0.131868067,0
0.004858961,0
0.232635641,0
0.123083698,0
0.370240418,0
0.069972137,0
0.010627081,0
0.158221326,0
0.038702433,0
0.098456565,0
0.267017167,0
0.227618891,0
0.250145516,0
0.121819433,0
0.259283932,0
0.276901494,0
0.289121766,0
0.388364165,0
0.167413623,0
0.157911372,0
0.070808569,0
0.047359615,0
0.275883348,0
0.377230291,0
0.945295006,0
0.07447141,0
0.099229849,0
0.025581188,0
0.164003809,0
0.185921458,0
0.002376157,0
0.178516148,0
0.217735012,0
2.46E-05,0
0.21237763,0
0.014597674,0
0.23990899,0
0.051257276,0
0.013254746,0
0.069813099,0
0.461265908,0
0.134468775,0
0.072195067,0
0.029638047,0
0.130089576,0
0.132871798,0
0.146083105,0
0.681768097,0
0.917332708,0
0.200016103,0
0.051808048,0
0.096343867,0
0.015124182,0
0.01714493,0
0.098415586,0
0.104573246,0
0.061824815,0
0.001056272,0
0.004051689,0
0.155856947,0
0.449683338,0
0.181211253,0
0.013005827,0
0.021402334,0
0.22305917,0
0.391650486,0
0.159198376,0
0.002731708,0
0.001717623,0
0.088274234,0
0.252165928,0
0.042665372,0
0.030558676,0
0.211793027,0
0.078851649,0
0.016118092,0
0.503352156,0
0.116783094,0
0.010790254,0
0.301073746,0
0.893573877,0
0.086200283,0
0.277118674,0
0.037252247,0
0.179098365,0
0.754581985,0
0.038018312,0
0.018408934,0
0.012633945,0
0.185161821,0
0.023979531,0
0.006505953,0
0.004446783,0
0.02087087,0
0.004155024,0
0.164215117,0
0.003130723,0
0.231891703,0
0.329199834,0
0.033429482,0
0.106213512,0
0.178107334,0
0.745897006,0
0.016301109,0
0.02029328,0
0.20608909,0
0.006480903,0
0.16528843,0
0.172961067,0
0.787357651,0
0.255569868,0
0.08071016,0
0.164950551,0
0.169358818,0
0.411820491,0
0.165698477,0
0.19237891,0
0.208385145,0
0.182894352,0
0.626164005,0
0.117126857,0
0.03940044,0
0.194613719,0
0.037702501,0
0.177980409,0
0.999997613,0
0.008368777,0
0.170530617,0
0.048350009,0
0.098366222,0
0.070524129,0
0.151496839,0
0.005230656,0
0.202254034,0
0.014828923,0
0.154530395,0
0.21657358,0
0.230370423,0
0.174160041,0
0.188614772,0
0.214762565,0
0.032484543,0
0.0957617,0
0.01976628,0
0.115859119,0
0.344324377,0
0.124400005,0
0.018842213,0
0.153054958,0
0.285306237,0
0.196549106,0
0.15979973,0
0.01294856,0
0.896207824,0
0.138928982,0
0.271614373,0
0.922704677,0
0.532867723,0
0.031596228,0
0.124872817,0
0.002942361,0
0.018873705,0
0.047992912,0
0.023900943,0
0.290532656,0
0.157938017,0
0.174863842,0
0.188863556,0
0.169474687,0
0.003184494,0
0.026362437,0
0.098456077,0
0.010755866,0
0.051638168,0
0.279316174,0
0.02620244,0
0.0100977,0
0.159307021,0
0.124428292,0
0.050563349,0
0.038412789,0
0.236458291,0
0.082885187,0
0.127211597,0
0.299538933,0
0.04907758,0
0.531580832,0
0.175782098,0
0.177325895,0
0.182571199,0
0.033829502,0
0.11851569,0
0.490475146,0
0.163356573,0
0.311067451,0
0.079176442,0
0.370680144,0
0.174784288,0
0.1830702,0
0.115187558,0
0.163510918,0
0.163510918,0
0.382232152,0
0.021427052,0
0.218061625,0
0.023596994,0
0.105371587,0
0.114762299,0
0.103051906,0
0.02559278,0
0.452835919,0
0.96702442,0
0.200245368,0
0.001414361,0
0.02877264,0
0.000565245,0
0.029229956,0
0.000137918,0
0.256988209,0
0.008858981,0
0.110631451,0
0.126718582,0
0.002731708,0
0.058842014,0
0.104000946,0
0.188532182,0
0.007615137,0
0.118918982,0
0.0392701,0
0.020112576,0
0.127306914,0
0.321094854,0
0.000231057,0
0.000174851,0
0.103662552,0
0.05681288,0
0.028561819,0
0.00942323,0
0.047747528,0
0.052783613,0
0.19771431,0
0.106408495,0
0.03076001,0
0.422782544,0
0.025436693,0
0.020601571,0
0.023173112,0
0.088087389,0
0.082044477,0
0.001312798,0
0.11937736,0
0.015949396,0
0.000180718,0
0.169134366,0
0.124485901,0
0.236046622,0
0.187049154,0
0.101844862,0
0.009568519,0
0.31087658,0
0.070093268,0
0.189676223,0
0.278968549,0
0.139509234,0
0.281925851,0
0.154906989,0
0.040037348,0
0.123079774,0
0.146211435,0
0.049648594,0
0.266128918,0
0.177882935,0
0.274813335,0
0.160206214,0
0.94344363,0
0.034730309,0
0.257818214,0
0.308409562,0
0.039320741,0
0.076218977,0
0.175965449,0
0.025956204,0
0.222320665,0
0.142083438,0
0.1750276,0
0.116444762,0
0.203493742,0
0.037853734,0
0.048605489,0
0.192752654,0
0.221810407,0
0.004045693,0
0.301714313,0
0.038434129,0
0.547180347,0
0.04394645,0
0.005270099,0
0.036145263,0
0.066629666,0
0.111849232,0
0.126056314,0
0.207571023,0
0.149489958,0
0.090756256,0
0.20219493,0
0.011508585,0
0.347036406,0
0.039263397,0
0.074313603,0
0.011256065,0
0.06299313,0
0.223773043,0
0.152156289,0
0.116728034,0
0.28424456,0
0.996416385,0
0.157172385,0
0.175559627,0
0.233175233,0
0.174053341,0
0.234123864,0
0.04139035,0
0.091188827,0
0.177077084,0
0.363206034,0
0.007649399,0
0.156517423,0
0.099863739,0
0.064590289,0
0.056596434,0
0.085539883,0
0.567764432,0
0.029561815,0
0.022304886,0
0.123856741,0
0.032188866,0
0.169176648,0
0.18060404,0
0.053364008,0
0.250697483,0
0.150563038,0
0.366149417,0
0.447592755,0
0.319397105,0
0.132847586,0
0.172095637,0
0.627540065,0
0.605947635,0
0.018952173,0
0.040853387,0
0.205856729,0
0.146780796,0
0.318580506,0
0.552321991,0
0.083855296,0
0.187550232,0
0.102425004,0
0.053558098,0
0.011165713,0
0.162927651,0
0.123719444,0
0.262206575,0
0.144903025,0
0.219032184,0
0.040263434,0
0.658162279,0
0.156145958,0
0.162178793,0
0.184475868,0
0.103841866,0
0.235139828,0
0.338343989,0
0.237493009,0
0.181191206,0
0.191381276,0
0.236458635,0
0.194412955,0
0.19893904,0
0.150538645,0
0.198049493,0
0.273361642,0
0.206024499,0
0.344884761,0
0.335559256,0
0.255519394,0
0.263732124,0
0.190257031,0
0.256296107,0
0.25062676,0
0.273567074,0
0.177708764,0
0.174150194,0
0.065375364,0
0.116223573,0
0.169277512,0
0.193873736,0
0.209419708,0
0.329674618,0
0.373870052,0
0.258331175,0
0.148536001,0
0.051909858,0
0.057042593,0
0.249250895,0
0.231320706,0
0.19000248,0
0.1126646,0
0.285911647,0
0.461182459,0
0.465091327,0
0.139235006,0
0.904668609,0
0.145577828,0
0.112981115,0
0.255774275,0
0.211460139,0
0.571695681,0
0.152512177,0
0.243011763,0
0.198418386,0
0.055762055,0
0.141665189,0
0.397244536,0
0.421180183,0
0.16381133,0
0.160208931,0
0.08096138,0
0.83452283,0
0.768750735,0
0.758304984,0
0.133295653,0
0.244814512,0
0.300732343,0
0.908151361,0
0.31054706,0
0.27232903,0
0.410389802,0
0.175499601,0
0.209144057,0
0.392416652,0
0.367532848,0
0.31628984,0
0.229213207,0
0.348781947,0
0.209339221,0
0.405044098,0
0.265135381,0
0.010750356,0
0.25938862,0
0.010424327,0
0.214963231,0
0.172218694,0
0.28071296,0
0.477533904,0
0.348195143,0
0.239104434,0
0.144052442,0
0.895903184,0
0.733955778,0
0.844350095,0
0.451637601,0
0.21722678,0
0.279303386,0
0.194958619,0
0.360434599,0
0.316814924,0
0.208344262,0
0.491307996,0
0.184383822,0
0.167715954,0
0.200723421,0
0.538319499,0
0.025897103,0
0.160755486,0
0.181305926,0
0.208245687,0
0.24944561,0
0.09052206,0
0.193075514,0
0.099106001,0
0.12148764,0
0.141072823,0
0.144986081,0
0.188766101,0
0.447677484,0
0.141506095,0
0.401306044,0
0.366310312,0
0.320390783,0
0.109048351,0
0.119607529,0
0.158180612,0
0.118976446,0
0.085771446,0
0.17116389,0
0.120973938,0
0.317114177,0
0.050811003,0
0.19536029,0
0.163470167,0
0.425239916,0
0.853139811,0
0.804276596,0
0.056868246,0
0.044818992,0
0.227786235,0
0.201744123,0
0.272443555,0
0.196679088,0
0.339358822,0
0.072891373,0
0.287648891,0
0.331206401,0
0.272898089,0
0.514629982,0
0.241117776,0
0.351309724,0
0.025378417,0
0.286020218,0
0.161339761,0
0.189733883,0
0.21043508,0
0.08197501,0
0.03497929,0
0.199304233,0
0.088601581,0
0.161281408,0
0.232638513,0
0.388856976,0
0.328180725,0
0.233713575,0
0.218042339,0
0.999874871,0
0.009221064,0
0.809547735,0
0.206242155,0
0.145525384,0
0.304486582,0
0.259076167,0
0.218597739,0
0.401896708,0
0.258610356,0
0.242103662,0
0.160596502,0
0.199589208,0
0.307490865,0
0.067128326,0
0.040121073,0
0.072782487,0
0.471449597,0
0.346842514,0
0.482324721,0
0.116798512,0
0.216275872,0
0.218678856,0
0.26777708,0
0.127916171,0
0.127916171,0
0.446902199,0
0.276725777,0
0.208562826,0
0.202042229,0
0.476350231,0
0.264270704,0
0.162791211,0
0.870184813,0
0.880998941,0
0.008504316,0
0.245281653,0
0.00030877,0
0.263085515,0
0.00450916,0
0.01571017,0
0.5187406,0
0.397084171,0
0.162859419,0
0.178590456,0
0.000168937,0
0.309077383,0
0.211355873,0
0.162791211,0
0.343047282,0
0.150017043,0
0.473711528,0
0.159602837,0
0.365168937,0
0.191100405,0
0.240634712,0
0.186455841,0
0.159819726,0
0.518830734,0
0.087817917,0
0.441799482,0
0.382600455,0
0.308613988,0
0.130436022,0
0.177928024,0
2.78E-05,0
0.141657715,0
0.996000448,0
0.857477943,0
0.871882482,0
0.008859749,0
0.050193266,0
0.131010555,0
0.398660269,0
0.433987342,0
0.174753276,0
0.401675599,0
0.761343439,0
0.11535174,0
0.124613737,0
0.333694091,0
0.375330209,0
0.51941088,0
0.232692326,0
0.2823101,0
0.290618111,0
0.118888958,0
0.116381473,0
0.100403699,0
0.630169735,0
0.226658702,0
0.045735588,0
0.069247102,0
0.301432652,0
0.00395105,0
0.08759631,0
0.134996047,0
0.10301989,0
0.559102637,0
0.115615795,0
0.156622522,0
0.153737314,0
0.064381463,0
0.000119494,0
0.222373902,0
0.321619447,0
0.362105372,0
0.232462519,0
0.951316612,0
0.433119603,0
0.27497315,0
0.486710211,0
0.28633805,0
0.342943528,0
0.28093392,0
0.390610448,0
0.354383933,0
0.358666377,0
0.324344748,0
0.422158535,0
0.422158535,0
0.149672468,0
0.422158535,0
0.389610909,0
0.225684272,0
0.229224789,0
0.253141894,0
0.268717258,0
0.272049369,0
0.058775241,0
0.153104117,0
0.167584561,0
0.193877031,0
0.219369307,0
0.201598971,0
0.279975205,0
0.03138662,0
0.029934484,0
0.077312666,0
0.101814754,0
0.996840917,0
0.277319117,0
0.559895883,0
0.520159033,0
0.999898026,0
0.409285413,0
0.021782213,0
0.151553391,0
0.030473636,0
0.012409749,0
0.166485649,0
0.240650212,0
0.028819503,0
0.098792323,0
0.160896335,0
0.115537757,0
0.002075572,0
0.460349597,0
0.246658355,0
0.294297009,0
0.389732489,0
0.39320271,0
0.186155334,0
0.455519471,0
0.301193419,0
0.06776161,0
0.175522176,0
0.243803638,0
0.466162137,0
0.140281468,0
0.370910991,0
0.250380906,0
0.106084337,0
0.074831514,0
0.015983124,0
0.052641782,0
0.074021435,0
0.242653919,0
0.013305533,0
0.035066741,0
0.261191105,0
0.140730271,0
0.291035749,0
0.710682517,0
0.010514339,0
0.052713654,0
0.158280249,0
0.023219338,0
0.175662805,0
0.028800757,0
0.054429836,0
0.369107822,0
0.007426693,0
0.235276491,0
0.009836932,0
0.058487241,0
0.164958985,0
0.000192123,0
0.000487427,0
0.091451954,0
0.205702457,0
0.14542342,0
0.000646941,0
0.187711298,0
0.216752625,0
0.223780154,0
0.303005409,0
0.212050451,0
0.215961064,0
0.138453552,0
0.175776641,0
0.396274869,0
0.102040447,0
0.175415436,0
0.163200806,0
0.023219074,0
0.009562701,0
0.10122464,0
0.162995905,0
0.003544852,0
0.544291108,0
0.210111219,0
0.348100342,0
0.16617752,0
0.036012874,0
0.118059067,0
0.068153873,0
0.163430808,0
0.165312526,0
0.251452536,0
0.161479314,0
0.164205336,0
0.125194526,0
0.010643105,0
0.00025337,0
0.094498659,0
0.446645886,0
0.077509488,0
0.041193817,0
0.265253775,0
0.342131926,0
0.049116342,0
0.130258405,0
0.177196301,0
0.250575088,0
0.300810529,0
0.109470943,0
0.202312614,0
0.223454105,0
0.033902954,0
0.340904468,0
0.265473558,0
0.263216689,0
0.088140718,0
0.190158836,0
0.275376334,0
0.056561027,0
0.109286742,0
0.296569649,0
0.18770682,0
0.455067507,0
0.005552985,0
0.326255069,0
0.163495181,0
0.09665663,0
0.163528076,0
0.059464702,0
0.141652907,0
0.183202439,0
0.035932821,0
0.121958823,0
0.317457247,0
0.094244448,0
0.175720947,0
0.010940857,0
0.082015163,0
0.329070119,0
0.132566666,0
0.237642642,0
0.103884599,0
0.179087189,0
0.150010901,0